Email,Address,Avatar,Avg. Session Length,Time on App,Time on Website,Length of Membership,Yearly Amount Spent
lisagutierrez@johnson-herring.net,"89300 Amber Centers Apt. 879
Victoriaton, VT 98394",Peru,32.416476378395046,13.764804200997313,37.42655349315983,5.000666718457205,661.9995060372811
suzanne63@gmail.com,"229 Eric Mountains
New Caleb, PA 00396",LightSalmon,33.25273462087445,10.743693976745373,36.24438682035622,4.096589632180362,478.6957035360206
amberchase@fowler.info,"1867 Gregory Isle Suite 022
Port Tammy, LA 52305-9696",GreenYellow,33.83853163029928,11.589775922464044,35.2907619764623,3.3973492245309567,483.07287172197044
charlesgutierrez@hotmail.com,"363 Kathleen Underpass
Ashleyside, PR 98964",MistyRose,33.67036949065091,13.805970362191667,36.995322259050305,3.49527190065612,563.4317387145967
michellejohnson@sanders-rodriguez.com,"70562 Gonzalez Stravenue
Elizabethland, WI 40700-9149",Teal,31.567566447136414,11.345077434091754,36.96590767852744,3.785679490696949,445.0393993560088
jessicabrewer@simmons.net,"5052 Mccoy Passage Apt. 328
Teresaport, FM 97139",LightBlue,34.02752947696404,13.014679963568602,38.48454532233005,3.263015575145413,544.007393624608
brenda68@hotmail.com,"0377 Reed Via Apt. 169
Alexandershire, MO 43498",Moccasin,33.221429460309444,12.973446550256316,38.17917576535003,3.8148896147563995,568.428395118022
whess@hotmail.com,"29282 Alexander Street
South Andrewmouth, MS 22041",Tomato,33.267833505119405,11.164984620207415,37.698761367819934,2.6494140129165946,414.8965932043574
audreyjohnson@rosales.com,"USCGC Nicholson
FPO AE 43987-0470",SlateGray,33.58214012339473,13.438098278994637,36.7666857853755,4.046009857616161,613.0027715594315
ashleychristopher@gmail.com,"9271 Christopher Prairie
Douglasshire, NM 18581",MediumOrchid,34.62081749249666,11.29391452263072,36.49942915909151,2.4794564813538424,428.0986279666082
youngellen@hotmail.com,"994 Joel Highway Suite 216
New Jessicafort, UT 14179",DodgerBlue,31.616771833939076,13.005027112558905,36.66634350052335,4.486388991407209,548.1744945013031
lmalone@gmail.com,"USS Beasley
FPO AP 50556-7615",AntiqueWhite,32.94321135070238,13.408985987540989,37.83650544572349,3.6165115779246055,549.9011785154626
gregoryholmes@hotmail.com,"2891 Martin Plain Suite 197
Melaniestad, NE 65650-8529",DarkSalmon,32.72775136067347,13.76551335698033,39.291529976039634,2.9834735185404337,520.559127521548
kimberly46@garcia-nelson.biz,"4066 Gonzalez Dam Apt. 277
West Jessica, TN 36880",GreenYellow,31.649014825491005,11.383723240785713,36.53155320006491,3.1448151405759472,415.69828248853656
dale88@hotmail.com,"0787 Andrews Ranch Apt. 633
South Chadburgh, TN 56128",Cornsilk,32.65720621972955,11.432574308541213,38.31403497552069,4.9930035403536435,550.7988663857866
walkerlaura@peterson-yates.com,"89154 Jones Stream Suite 311
East Katie, NC 72742-1516",LightGreen,33.18417450286675,11.839006185734029,36.24969811125958,2.486062294997128,447.35939571948774
rogerstiffany@wilson-horne.com,"30700 Justin Ports
Port David, PA 52171-5921",DarkOliveGreen,34.208855263919006,11.486630790120543,38.88357754813718,4.097099031752375,539.7946700385451
bushsharon@barber.com,"0013 Andre Field
Whitebury, AZ 68447-6306",DarkSeaGreen,33.21500496112588,11.90074370214884,36.45646834438634,3.510133093144721,500.2428198200557
fishermichael@ramos.com,"565 Duarte Keys Suite 293
Traceytown, IN 17797",LimeGreen,34.61227911294047,10.92070521607766,35.88465003072476,3.1688591770802192,459.55816886690184
kaylahenderson@hotmail.com,"Unit 1609 Box 3480
DPO AA 95185",MediumSpringGreen,32.50513578404326,11.64817192174195,38.12413108695741,2.9408735161618056,449.32505247492753
jenniferking@hess.net,"06939 Jones Neck
Mariaview, VT 87641",BlueViolet,31.380778352393758,10.97175652441764,38.042460228559236,3.365868307933576,409.51045659059184
erik46@hotmail.com,"20711 Martin Harbors Apt. 582
New Justinborough, AK 40834-2664",LemonChiffon,34.45770458260743,10.620628090029966,36.76190485351555,3.4213585387161802,469.23281369255517
hduke@hotmail.com,"4547 Archer Common
Diazchester, CA 06566-8576",DarkGreen,32.027037936445296,11.116287220679748,37.29048461556368,2.7110641542052454,397.9894248744968
awu@robinson.org,"0281 Dale Wells Suite 656
East Joshua, ME 73389",Brown,32.08615293735074,13.174861991282883,37.6101691593792,4.162887829153902,558.791236142475
shafferdaniel@murphy-harris.info,"USCGC Thomas
FPO AP 43708-2468",Turquoise,32.32863220497077,10.823321161326675,37.76493074101599,1.8827185426441932,338.4578070183086
autumn88@mendoza-mills.com,"214 Obrien Lakes Suite 572
South Jeremy, KS 52867-7617",MediumOrchid,32.008019271791,12.53613897471828,35.51316078742862,3.454084271954451,496.72823858020536
jasonrichardson@elliott.com,"18372 Matthew Fork Suite 705
North Matthewmouth, KY 99737",Chocolate,33.82653665510538,12.436489816366759,37.20817519046695,4.241453423541864,587.0381221669054
ebrown@osborne.com,"4291 Nichols Fork Apt. 562
Thomaschester, SC 08938-8769",DarkSlateGray,31.966557415320647,12.943155466981894,36.92856389144358,5.9860551573825695,657.733046556141
ievans@hotmail.com,"2064 Poole Groves
North Chrisland, SC 78169",NavajoWhite,33.2253212260649,10.99862833733122,38.533237015824966,4.23388866133575,506.7418986546383
youngellen@hotmail.com,"994 Joel Highway Suite 216
New Jessicafort, UT 14179",DodgerBlue,31.682257587378988,12.979928524341164,36.764720439302835,4.5486030271492846,542.6060729330401
larrywest@davis.com,"21918 Gail Glens
Barbershire, SD 45790-8387",MidnightBlue,33.679762028505976,13.734376648869699,37.81985689930335,1.375231733496415,437.7785240646734
melissa08@rowe.net,"13799 Cortez Inlet Suite 733
East Stevenshire, AL 32757",Tan,33.394537429162945,11.07662133437726,38.65218184133406,4.116647063270608,512.4750904553358
krista86@norton.net,"0537 Rice Village
West Kylieberg, NJ 19433-5090",Azure,34.21395848087612,11.882063493598098,37.40254409002501,2.447596311353643,445.011795675928
kylemelendez@hotmail.com,"2749 Cunningham Flat Apt. 838
Derekberg, OH 45288",DeepPink,32.48890291257128,13.84541786797955,38.333857939547265,3.78201372140298,554.3502154862044
katie25@gmail.com,"6861 Lopez Fork Apt. 114
South Jamiechester, DE 63993",SpringGreen,32.732645744687524,13.336403978796165,36.58214263521744,3.4395918443798505,541.0863325566523
jamesfaulkner@hoffman-wolfe.org,"Unit 0474 Box 0661
DPO AP 48938-3469",Blue,34.44721203070498,12.859174539572534,38.62900927047793,1.983214808653935,465.3969236699489
hunterlucas@gmail.com,"89301 Kylie Crossroad
Petersonberg, MH 23834",Turquoise,33.63057404941942,12.640565161801323,36.90567616589211,2.4855634092818897,476.8653812642703
martha91@garrison.net,"360 Albert Spring
South Tylerbury, VA 92641-9077",HotPink,34.496912776077444,12.919799308330278,36.394899573121656,3.791966538578836,578.1314622048925
millerrachel@gallagher-nichols.com,"Unit 4742 Box 9517
DPO AE 67219-3123",Turquoise,34.243942591454406,10.800640307121379,34.660651671435176,5.078654556172407,575.2941424830225
thardy@perry.com,"39209 Cooper Neck Apt. 541
Tylermouth, ME 94450",SeaGreen,33.218451775575836,10.946535759594905,34.58711746319502,2.862433078495938,422.5660967765998
baldwinbryan@estrada-silva.biz,"1470 Kathleen Pass
South Christopherberg, SD 22850",MediumSeaGreen,33.327124681597375,12.323676793191481,38.779405548761545,3.838272148472016,529.3660949198156
micheleblanchard@lopez-greene.com,"555 Hunt Track Suite 307
South Kristi, PA 73709",SlateGray,32.21791806142539,10.587232295930903,37.36464065453347,4.465967649120914,471.20324406269776
vcoleman@yahoo.com,"7761 Hughes Curve Apt. 880
Rodriguezberg, MN 96206-5317",SkyBlue,33.8957509162419,12.501197008904429,38.009925638939286,4.671521972326929,620.2404009496671
kennethperry@bowen.org,"272 Frederick Lodge
East Andrew, FL 07414",SlateGray,32.50814626414119,11.516240284109932,36.58487570185633,2.9976070792515954,420.9349935553207
pmercado@rodriguez.com,"811 Maria Run
Sanchezville, MI 04953",LightPink,32.68887339688422,12.230438482520556,36.9677726825175,1.8553014785838828,420.45678845691833
erik46@hotmail.com,"20711 Martin Harbors Apt. 582
New Justinborough, AK 40834-2664",LemonChiffon,34.402928855235466,10.57681133797646,36.82766724021,3.392227233925752,477.5257620676965
mitchellscott@gmail.com,"3976 Tom Streets Suite 438
Port Davidtown, AL 55334-2369",DarkOrange,32.777486375660274,10.907029579352201,37.62211057066953,4.059043373715643,471.443197550776
blakekent@smith-pena.com,"3933 Brooke Point
Johnsonburgh, DE 22659-3488",Crimson,33.628607146615586,10.008462644446647,37.36758155466776,3.242265406687325,414.1129885344243
richard35@hale-duncan.net,"33940 Craig Throughway Apt. 334
Martinview, IL 62015-0314",GhostWhite,31.36332303465678,12.87197342574938,37.82878556097368,3.4087883935371774,482.5234247304906
djohnson@hotmail.com,"5358 Stephen Parkway Suite 894
Kimview, MN 17436-4528",Coral,32.15805060239054,13.296609618482709,36.83317170777987,4.979051888504721,618.0580838850698
rchambers@hotmail.com,"53964 Weaver Brook Suite 861
Stevensonshire, NY 18128",OliveDrab,33.09370488650008,13.121831836494028,38.33111423035952,4.801531214547995,630.1517175347861
fishermichael@ramos.com,"565 Duarte Keys Suite 293
Traceytown, IN 17797",LimeGreen,34.47659193743947,10.934460659602415,35.82115679115001,3.2312068470677007,459.35115381801353
zmalone@yahoo.com,"PSC 6717, Box 7673
APO AE 66950-0088",Moccasin,34.62371939055032,12.763913912948231,36.728824898229526,3.2361037390523055,554.9529286253487
ppowell@gmail.com,"74260 Carly Mews Suite 703
Jonesberg, OR 39594",BlueViolet,32.837163873005586,12.105565042700542,36.518288831525204,3.08651240985713,475.9075816554848
steven00@combs.com,"64460 Morris Fords
Gonzalesmouth, MI 40832",RosyBrown,33.509625966105894,12.981522595040808,37.91393479757552,3.286572709088564,544.3890707774327
kara33@gmail.com,"5527 Hogan Road
South Jeffreychester, MA 28632",LavenderBlush,34.92523239336988,10.743545237516555,36.864017365682535,4.058826222733816,531.4396148528915
johnathan33@yahoo.com,"836 Amy Villages
Hannahside, RI 09207-2616",LightSteelBlue,32.268875458147335,11.666224510834013,36.94264018497439,3.2574947079601415,448.0549442926867
sharper@yahoo.com,"239 Bush Fall Apt. 906
Riveraville, KY 88906-3319",SandyBrown,34.281083368073226,13.465726227982442,37.27250528841608,3.584473095903775,582.1216035155564
samantha84@cortez.com,"960 Miller Union
East Virginiastad, MS 74191-2346",Navy,33.58844350248589,10.566889682372306,37.09692253543596,2.219618633954847,374.87196453593646
dbrown@gmail.com,"76666 Kathy Locks
Port Susan, ME 64335",Indigo,33.57210448288165,11.103863763650548,36.74177305848171,4.070826599421897,523.0077033483498
michellejohnson@sanders-rodriguez.com,"70562 Gonzalez Stravenue
Elizabethland, WI 40700-9149",Teal,31.48386771586795,11.33509118941356,37.02140553971471,3.8056996114932202,452.7198792379895
denise22@hernandez-townsend.com,"USNS Cardenas
FPO AA 85439-9449",Silver,32.877116612033184,11.71967603786942,36.861874378887,3.885065787467335,519.5485452297518
jefferycampbell@gmail.com,"381 Ashley Locks Suite 366
North Migueltown, TX 09795-0494",GreenYellow,32.94914069936426,12.509894994140737,37.59016482574731,3.989324080913489,565.5642459675664
qeaton@savage.com,"27032 Michelle Forest
Morrowtown, ND 14749",SaddleBrown,33.24163573167829,12.673780644214789,37.406847819506,3.807560081481819,531.5578745966016
veronicapruitt@hotmail.com,"Unit 7502 Box 8345
DPO AE 53747",Cyan,33.267896585131126,11.624731603666756,36.53397675086602,3.303840743490926,481.00690632793174
gstrong@hotmail.com,"7875 Landry Road Apt. 947
Brownshire, NC 10074-7735",Pink,33.992797977036375,13.606295866796694,36.844000094329424,3.58679660729327,617.4594187803241
lewiskendra@yahoo.com,"988 Matthew Plaza
Lake Jacobshire, AL 37889",Yellow,33.41450346209792,11.0414301474871,36.84372971662581,4.723397052102307,569.2791148829681
johnathan33@yahoo.com,"836 Amy Villages
Hannahside, RI 09207-2616",LightSteelBlue,32.265551182012096,11.709827172961692,37.00144301300468,3.277509332475943,448.5271238745414
connerjoseph@gmail.com,"981 David Square
New Jacquelinetown, AK 66018-4092",Turquoise,34.528098995468724,11.280097775780272,35.49294782810706,4.545421207234331,577.506229227694
alicia85@lee.com,"14220 Carla Flat Suite 521
Lake Matthew, DE 06183",DimGray,32.82990640972136,12.46179835943789,37.47753902215289,6.530401501877549,681.4818615885824
alicia28@fuller.com,"8055 Robinson Brooks Apt. 657
Walterview, KY 83019",CadetBlue,32.019997863916124,11.46718846539395,39.20684229720859,3.4304071648899614,445.8867102169297
william25@mcconnell.com,"9495 Mary Fall Apt. 777
Glassport, ND 17957-5596",Teal,33.025504207427936,11.71145797711115,37.69860273366933,2.7376271957737566,424.62650734977944
wevans@gmail.com,"222 Jason Park
Dominguezshire, NC 98241",Tan,31.619827355561622,13.38761309002986,36.3258142422874,4.346468175086603,543.4143768945933
anneingram@miller-alexander.com,"4301 Park Lake Apt. 158
Spencertown, SD 45934",HoneyDew,32.11552811527987,11.564540497167313,39.238458550022514,3.3007641403490187,443.9471642021462
youngellen@hotmail.com,"994 Joel Highway Suite 216
New Jessicafort, UT 14179",DodgerBlue,31.546111291386786,12.943290847260288,36.668706976198216,4.558886443123555,547.9139813641074
christopher66@hotmail.com,"388 Kelly Pike
West Jeffery, DE 44039-7785",BurlyWood,31.681362729649816,13.158756069130629,37.033450492420734,1.4890057243468733,374.2148790433219
wheelernancy@hernandez.com,"66340 Michael Lane Suite 878
West Brian, LA 69137-1147",Gold,32.45246672230219,13.016033758086785,38.114338637953495,1.255140220828317,365.9428823936535
katrina56@gmail.com,"172 Owen Divide Suite 497
West Richard, CA 19320",PaleVioletRed,34.72699488451091,11.702639536573072,37.172741605663546,3.5811536714085888,526.0814740303638
haydenrebecca@gmail.com,"10022 Wilson Orchard Suite 107
Harrisstad, MH 99272",MintCream,33.86915006907886,13.527809493922467,38.30724703256462,3.222980608342675,573.0607470767854
jordandavid@gmail.com,"61502 Parker Vista Apt. 363
Jonesshire, GU 33532",Violet,33.710575580585235,10.95562484450519,36.2651173206542,0.9534455626349523,307.42829672829214
samuel94@hotmail.com,"5480 Vazquez Crossing Suite 825
East Christopherland, PA 42104",DarkViolet,33.392854915013906,12.578067420890184,38.287081969308126,3.7569162304697215,533.7022881674242
bradleysmith@barber.com,"581 Gilmore Port
Heatherville, MS 20879",PaleVioletRed,33.60297236708195,11.232330462525963,35.754640213711866,5.405427249947337,584.4474463305543
tinasmith@martinez.info,"40000 Ann Port Suite 474
Youngberg, MS 03651",LemonChiffon,33.082833177359305,11.979759481084175,35.29190491870502,3.910884900049089,531.577578125132
twilliams@gibbs.net,"Unit 6678 Box 6628
DPO AP 44369",CadetBlue,33.187563153985984,11.743164600723407,37.729754401244584,4.532064552256276,550.0066488213757
jeffery48@mcguire.com,"52326 Townsend Centers
Lake Williamburgh, NJ 70568-7463",LightCyan,32.24842370810549,12.032270183264803,38.21600540202563,3.536527053522984,476.57465016439426
oolson@collins.com,"07867 Horn Lake
West Teresatown, VT 64387-1228",Aqua,32.61466378009811,12.32873092166379,37.088153001007605,3.637115309265312,489.0486386666771
wbrady@yahoo.com,"044 Riggs Expressway
Lake Stevenchester, AL 22283",SandyBrown,33.83440941077825,10.050469687852512,35.871464934247506,3.828773387050247,449.27727948915935
lschroeder@gmail.com,"93101 Shannon Common
South Destiny, ND 30379-2855",Ivory,33.720917138399294,11.168616071742639,37.261357595409876,4.745590784436074,549.2405287297258
lisacabrera@yahoo.com,"9801 Thomas Pike Suite 058
Brandishire, AK 88122-1314",DarkSlateBlue,32.940348998702234,10.608281118187374,37.540849694264224,4.652211102533082,507.01496040286736
ebutler@rogers-gonzalez.com,"001 Estrada Union
Lewismouth, TN 47360",Chartreuse,32.934513002234155,13.03045500050967,37.01676064123669,4.626918953589202,585.8332505471234
zachary94@gmail.com,"99902 Scott Road
Joyton, MT 46760-7400",Purple,31.255050191250113,11.701377584564998,38.69899103974124,3.5959359149879218,460.81937599088866
rwilliams@trujillo.biz,"54560 Thompson Creek Apt. 029
New Brianville, FL 84430-8588",BlanchedAlmond,31.465336557458997,13.242454902403825,37.25426153247268,4.132453557469252,528.0117075173117
michael86@yahoo.com,"87270 Garrett Cliffs Suite 361
Brooksberg, MO 26555-2502",LightYellow,33.28642004562141,13.541940915921751,38.967378593807375,3.1028356128902326,551.0431688125788
hannahwilson@davidson.com,"49791 Rachel Heights Apt. 898
East Drewborough, OR 55919-9528",DarkMagenta,33.75550856332739,12.408963242780105,35.80593440381894,2.750139013560013,496.72125686056523
ashleychristopher@gmail.com,"9271 Christopher Prairie
Douglasshire, NM 18581",MediumOrchid,34.546478620873046,11.318979461575276,36.487917312183775,2.451092676802503,436.85843421913177
isaiahcampbell@yahoo.com,"55414 Ramirez Union Apt. 614
West Crystal, CA 03845-2631",Red,32.501394653929886,10.958089229133389,36.59432635782316,3.246500434591926,432.08809034318756
tracy79@wheeler.net,"513 Moore Crescent Apt. 416
Amandaberg, GU 03655-2219",Magenta,32.202837609548354,11.252466152699391,37.208343927322,1.7893270595652242,324.7591911148164
contrerastiffany@gmail.com,"439 Todd Summit Apt. 478
Mooreland, AR 31655",CadetBlue,34.06750948871668,12.856394767806906,36.029537549416595,3.4594831838150117,544.0933519590687
tylerhernandez@barton.info,"7613 Miguel Knoll Suite 762
West Katherine, WV 19406",SlateGray,31.068835251726693,11.195127213620543,38.691143960479316,3.0803597346272524,390.48512553879857
hoganrichard@george.com,"4929 Michelle Grove
Lake Alexis, MT 92147-1660",BlanchedAlmond,33.787908537075126,11.138797049303752,38.35393374152689,4.58429524815856,557.8792278520884
lisacabrera@yahoo.com,"9801 Thomas Pike Suite 058
Brandishire, AK 88122-1314",DarkSlateBlue,32.983151556394105,10.672976108727521,37.51453002847071,4.664775702938316,501.4257820861388
jason50@bates.net,"74839 Michael Plains Suite 356
South Austinshire, ND 40309-1424",Bisque,32.00007010620866,12.121801527374016,36.3956834453669,3.1568098693097366,441.26780496452994
brian51@cook.info,"0508 Terrance Cliff
Rebekahtown, NC 48724-8308",SaddleBrown,31.55339503724985,10.818824315148676,38.79427494568006,1.437792424545244,270.91759065971945
matthewgraves@mills-shaffer.com,"66636 Jason Parkway
Kellyside, NV 67033",DarkSeaGreen,33.98077965308536,12.891262289037872,39.075858670242376,1.4613494512203105,423.9553394525841
whitetyler@anderson-avery.com,"4547 Stafford Throughway Apt. 178
North Patrick, MD 60768-4837",MidnightBlue,34.049838684422554,11.564973271616081,36.55766084899023,4.719513864371007,570.5418414820659
brian51@cook.info,"0508 Terrance Cliff
Rebekahtown, NC 48724-8308",SaddleBrown,31.556165470894836,10.696736281398708,38.6398821867122,1.394022435342674,280.79357684872565
william25@mcconnell.com,"9495 Mary Fall Apt. 777
Glassport, ND 17957-5596",Teal,32.99370913698189,11.803643389499351,37.71248494613451,2.771312793981107,424.8610310713266
aaron04@yahoo.com,"16338 Scott Corner Suite 727
West Alexandra, AR 54429",SeaGreen,33.811029652622885,10.164277129832112,37.74501945578345,4.749301138287799,520.5022853750316
brandonsmith@yahoo.com,"62106 Nathan Mountain Suite 505
North Matthewborough, AZ 32092-6122",Gold,33.57321111192086,11.426995218748363,36.26551854312343,3.5179214180174787,477.3461383551723
amberchase@fowler.info,"1867 Gregory Isle Suite 022
Port Tammy, LA 52305-9696",GreenYellow,33.95748923522503,11.598860913136074,35.27716168202079,3.3565129793370008,478.70766994397866
cohensean@yahoo.com,"3751 Green Loaf
New Julia, VT 20897",DarkCyan,33.41820754026195,12.040368635491175,36.16009309951967,2.2265622228673854,426.37335655119546
ngarcia@donaldson.info,"662 Wells Stravenue Apt. 578
South Kristaview, DC 49423-2452",ForestGreen,33.83194070070713,11.556735604792191,37.73926533431464,4.738346508168539,569.9149714685898
taylor91@hotmail.com,"3132 Willie Harbor
Kaylafurt, FL 01107",CadetBlue,33.480201236994944,13.100481163392914,35.836391882744685,2.8679144928135116,498.84781464722784
rlindsey@norris.com,"581 Smith Prairie Suite 995
Andersontown, AS 58802",Green,32.74594830149206,11.479233842452544,37.560622874951875,2.905870467249602,432.61833574471086
jeffery48@mcguire.com,"52326 Townsend Centers
Lake Williamburgh, NJ 70568-7463",LightCyan,32.33454569609687,12.061902244318592,38.241232337437374,3.5714837472030703,479.69325580022183
asilva@yahoo.com,"USNV Johnson
FPO AP 19026",Wheat,34.634189828884935,12.226494328299076,33.858621804512815,6.9596751316038175,748.7238040793686
hunterlucas@gmail.com,"89301 Kylie Crossroad
Petersonberg, MH 23834",Turquoise,33.57506909198183,12.671993366048808,37.002258807968786,2.406739767169424,481.94337595685295
apark@walsh-obrien.net,"28942 Bradford Crescent
New Morganfurt, MD 77162-0478",DarkGreen,32.296710297714085,13.104860831438296,35.594190208206676,3.657244963655313,528.2740603669147
marcusleach@floyd.org,"Unit 3998 Box 4348
DPO AA 37629",SteelBlue,32.61553216598884,11.60948018056899,36.35594093932613,3.2474448955148825,437.04133079175034
wrightdanielle@gmail.com,"508 May Highway
Port Jacobview, MN 31932",DarkSalmon,32.45265770614907,10.929558341954335,37.311757074485826,3.4725389002309046,441.0890562612737
anthony09@hotmail.com,"5118 Madden Views Apt. 738
North Barryport, AS 28731-2270",LightSeaGreen,32.40402697283442,12.557295509153102,37.90197717628884,2.5021825809209757,441.4740989513336
dwhite@gmail.com,"02136 White Grove Suite 418
Marytown, DE 70033",OrangeRed,33.24582884133207,11.59980370126129,37.22127324136662,4.604869090169941,548.7122487003701
agolden@yahoo.com,"PSC 2490, Box 2120
APO AE 15445-2876",Black,33.55285731519266,12.845455367526187,37.42647447243528,1.5787087744126058,422.4338838378222
jamesfaulkner@hoffman-wolfe.org,"Unit 0474 Box 0661
DPO AP 48938-3469",Blue,34.38964931300268,12.829379803280487,38.48518801884239,1.816736705131771,463.518781468913
bakerdrew@gmail.com,"39637 Griffin Plain Suite 691
New Deborahview, MP 73870-3773",Chartreuse,33.46561854421657,13.462659204005236,38.51265482454804,3.352349333110336,554.1472736078346
dongarcia@hotmail.com,"546 Benjamin Lights Suite 421
Romerofurt, NC 43746-4501",MediumBlue,33.02993911357114,11.913006507522512,36.52841510804988,3.232914161938648,476.1719554302282
zmalone@yahoo.com,"PSC 6717, Box 7673
APO AE 66950-0088",Moccasin,34.48856482847832,12.746582173894401,36.63246157742963,3.2150277036871335,546.425393738211
gregoryrussell@yahoo.com,"55436 Devon Plain
West Kendraberg, HI 18826-3623",Teal,32.270457667903315,10.620804659630291,37.96805900085046,3.4084470196735355,415.58707993923133
tina16@santiago.com,"314 Kidd Run
Johnfort, KS 46546-2732",White,33.09719736259088,12.634884492718452,37.30641356712301,2.8776915853894587,469.55001763231724
josephgould@west.info,"861 Annette Stream Suite 771
North Miguel, CA 33824-1610",DarkBlue,34.140499953763374,10.269268836060007,37.401643039539486,1.9840737304325256,380.7973871351847
millerrachel@gallagher-nichols.com,"Unit 4742 Box 9517
DPO AE 67219-3123",Turquoise,34.1120615669267,10.861561863904823,34.71934744683518,5.0342382212198205,574.9913382291978
beasleyjoseph@hotmail.com,"1094 Bentley Forges
Lake Antonio, MA 29181-3664",SaddleBrown,33.31389619700491,10.998111014337246,36.07365142289654,2.708848144560433,403.265259543585
tsmith@yahoo.com,"92028 Thomas Mountains Suite 044
New Matthew, MI 02429-0994",Bisque,33.902043974878566,12.254234424000652,38.3281319663361,1.0551904373776995,373.5223454036193
turnerryan@hotmail.com,"770 Lewis Pike Apt. 869
Phelpsport, PA 93969-4887",LightSkyBlue,34.01638245367189,12.530421182736792,35.05799974518041,4.021764515576064,581.7490425811235
christopher20@gmail.com,"USNV Fuller
FPO AE 32122-5711",Snow,32.04654870322122,13.414470865163338,36.104987348336806,2.2849413795065647,450.95452189227984
rachelrodriguez@lara-waters.com,"35466 Tommy Stream
Port Daniellemouth, KS 68863-6330",LightSlateGray,33.98338636802842,11.473021942275723,36.79237059925263,2.3575180373618077,441.2758673548405
dwhite@gmail.com,"02136 White Grove Suite 418
Marytown, DE 70033",OrangeRed,33.249499670551614,11.480578169143643,37.21208098325723,4.73204371718303,543.3802586531888
jenniferking@hess.net,"06939 Jones Neck
Mariaview, VT 87641",BlueViolet,31.390850698506867,10.89941175711162,38.0711569755016,3.482557001312494,408.940553006748
james30@carter.biz,"3604 Richard Junctions Suite 448
Brownburgh, CO 64856-8238",LimeGreen,32.355637194163144,10.892114478741403,36.56018400528717,3.9234244148657615,469.51916728433616
linda90@yoder.org,"979 Alison Motorway Apt. 676
North Frank, HI 55870-2651",WhiteSmoke,33.401564674183774,12.405877701285553,36.57158784964967,3.3078901713624638,509.7328136582055
tylerhernandez@barton.info,"7613 Miguel Knoll Suite 762
West Katherine, WV 19406",SlateGray,30.954845268792266,11.159614752160843,38.68485103896322,3.1278027228281164,398.19965233853407
lauriewilson@jackson.com,"389 Joshua Stravenue Apt. 983
Martinezland, MN 29049",Cornsilk,32.059355913809284,10.369727327374022,39.09639578320991,3.4716117836096183,401.42916911907207
bradleysmith@barber.com,"581 Gilmore Port
Heatherville, MS 20879",PaleVioletRed,33.62682611474685,11.142082303212163,35.605103975825784,5.5749988382752855,587.3589833803184
allison80@carson-hansen.com,"04311 Oconnor Park Apt. 415
Kelleystad, ND 63064-8935",ForestGreen,33.60885819875198,12.047581008325242,38.977442326977055,2.8283882931949935,491.8050094110792
jessica04@christian-riley.com,"338 Graham Loaf Suite 236
East Toddton, FM 43566-4238",LemonChiffon,34.78797975077752,13.006627255822103,36.72959202063555,1.9947130593979705,508.9762317078072
chelsea05@hansen.com,"7182 Stephen Fork Suite 150
Port Laurachester, CO 99974-1961",LightGray,32.46525172781686,12.741578436738132,36.668573853578394,4.084931668533983,540.9367434263715
melissa08@nelson.com,"15863 Harrington Glens Suite 012
Marystad, LA 50652-8210",Tomato,31.84712805814923,12.450864405378516,38.094516482297024,3.875651134588853,496.6849464653801
lsmith@chung.com,"412 Jackson River
Kleinburgh, KS 52039-7404",BlueViolet,32.72104917661084,12.94047896029114,36.45764945418665,4.158477202111586,563.5462942886609
jessica97@hotmail.com,"32202 Curtis Branch Apt. 411
Port Brettmouth, KY 01192-0594",Cyan,31.547139794502606,12.665023316093853,37.195387550827114,4.380164610456958,531.9936218344044
archeremily@baldwin.com,"USCGC Hernandez
FPO AE 53064",YellowGreen,31.257620534464035,13.234582621504439,36.95827557356095,2.313458788331487,418.19793481927616
katherine20@yahoo.com,"68388 Reyes Lights Suite 692
Josephbury, WV 92213-0247",DarkSlateBlue,31.966346689730578,11.43593202679574,36.72629869160313,4.755229387212276,523.3221864756523
salazarkaren@hotmail.com,"51173 Burton Wall Apt. 417
Prestonville, NY 37002",SteelBlue,31.816075176603096,10.28187979049169,37.049857173852565,3.546665984813457,392.0979139661545
dbrown@gmail.com,"76666 Kathy Locks
Port Susan, ME 64335",Indigo,33.57469125647303,11.041692812275532,36.71142978963821,4.131939560000863,522.9759423722512
beckycarson@jones-brown.biz,"78787 Mitchell Lights
Matthewville, AZ 30310-0130",Gold,33.59002187630801,12.826732847748376,36.21138443464623,5.056216552985838,631.0700503195908
brandonsmith@yahoo.com,"62106 Nathan Mountain Suite 505
North Matthewborough, AZ 32092-6122",Gold,33.586604658620615,11.529455429162134,36.18922985021276,3.533973363441002,471.358194615635
aaron04@yahoo.com,"16338 Scott Corner Suite 727
West Alexandra, AR 54429",SeaGreen,33.6063712513694,10.215314507330397,37.66872486170186,4.841804437971625,519.254536501009
enash@gmail.com,"997 Campbell Flat Suite 970
East Amanda, PW 22048",HotPink,31.73932934763198,11.844363641721976,36.74181553044923,1.81725013087884,347.2325572427654
aaron22@gmail.com,"38678 Sean Drive Suite 293
Karentown, IA 78306-2717",DarkGray,33.555720210220635,12.012388967298104,36.48316560420571,4.716413027890382,579.4599552540616
melissa08@nelson.com,"15863 Harrington Glens Suite 012
Marystad, LA 50652-8210",Tomato,31.753417327360644,12.383188226920291,38.176680957127445,3.892459736315598,495.65147946458376
twilliams@gibbs.net,"Unit 6678 Box 6628
DPO AP 44369",CadetBlue,33.14535766620583,11.809944853795797,37.567773234126115,4.543075754020519,543.1802775848896
richard81@day.org,"7955 Samantha Walk Suite 230
North Luis, IL 44629",SlateBlue,32.971136976690865,11.719514747844121,37.669222092389376,3.9026861667770802,513.5724327270681
jeffery48@mcguire.com,"52326 Townsend Centers
Lake Williamburgh, NJ 70568-7463",LightCyan,32.326633800075086,11.998859669086658,38.30523240086418,3.6590633727088298,481.4281566425507
christopherhaas@gmail.com,"56674 Melanie Flats
Schneiderberg, IN 66532",MediumPurple,32.67894503644505,11.676947376116239,37.09789914591129,3.2507667727686016,481.99892809179
bushsusan@hotmail.com,"20618 David Square
Gayland, HI 78719-9628",Moccasin,32.173467472316936,11.330050492585126,36.27737321160703,4.836192337535139,530.0154236080945
audreyguerrero@carey.com,"1995 Susan Locks Suite 760
East Cheryl, AR 37103-5176",BlueViolet,34.297853660981346,13.788929732280431,35.804416371286734,2.9250521470049486,552.6977609500469
floresarthur@yahoo.com,"12612 Johnson Skyway Suite 764
Jessicaville, CT 14968-6590",Magenta,33.093634409235605,9.595884967630187,36.49195993836566,5.057721475149925,505.6457420412454
john85@rodriguez.info,"57120 Frank Keys
Jerryborough, DC 81028-0939",Tomato,31.125771585969805,13.281463126836835,37.349354136445406,4.622236193634575,559.084345039233
webertom@phelps.com,"189 Crawford Hill Apt. 746
New Madison, WV 14108-4333",DarkOrchid,31.345901781380906,12.182823491912076,35.485512442824486,3.1114182964251635,426.8103617656125
martinezleah@carter.com,"8456 Joseph Locks Suite 926
Christopherport, TN 57784",PaleGreen,33.40647521644028,12.877017663589733,35.557217050716005,3.2613198517472144,529.738884806512
blevinseric@stephens.com,"PSC 3676, Box 1549
APO AE 26130-7683",Orange,32.907487977181184,12.400691922307749,38.002972119369545,3.3217246800514855,467.94338849307053
kyang@diaz.org,"223 Love Trail Suite 831
Port Jeffrey, IN 46849",OliveDrab,34.379692153236164,15.132193902859523,37.08719647399908,5.3850850626647455,768.8286045470697
ppowell@gmail.com,"74260 Carly Mews Suite 703
Jonesberg, OR 39594",BlueViolet,32.8641969892851,12.11733259376099,36.57617699473292,3.0378431903787373,469.1330839294343
archeremily@baldwin.com,"USCGC Hernandez
FPO AE 53064",YellowGreen,31.25873630021144,13.251879440245297,36.94480690781788,2.3384750880576313,422.038575087537
samuel46@love-west.net,"544 Alexander Heights Suite 768
North Johnview, MT 57912",LightSeaGreen,32.579264773887175,13.99141564207709,37.251453662522174,4.1488997331130975,607.9519632696015
kcannon@alvarez-cline.info,"55479 Peters Field Apt. 702
North Micheleberg, PR 45063",Lavender,32.57005696440451,13.340152130962885,38.00952040762561,3.649124477015299,539.438363647905
fishermichael@ramos.com,"565 Duarte Keys Suite 293
Traceytown, IN 17797",LimeGreen,34.559484592093206,10.90754903494191,35.860397093058005,3.1014690494642307,465.20754197235135
cruiz@yahoo.com,"497 Julian Brook Suite 872
Hillberg, FM 87927-5760",LightSalmon,33.986631768485196,9.31735806605035,36.89339241484078,2.855131374906059,386.5388775575077
simmonsmartin@hardy.com,"2302 Joshua Park
Millerbury, WA 30239-8144",MediumVioletRed,34.049995161905876,12.51285456439009,36.09743657806619,4.340839610879421,586.5193138260964
jacquelinewest@pace-herrera.com,"592 Villanueva Village
Woodsstad, AK 20530",Purple,31.605418101230413,12.071431456898065,38.519900469617845,2.800005991429019,409.16222211497734
kristina69@gmail.com,"2859 Rodriguez Forks
Port Josephtown, OH 13591-3011",BlueViolet,32.44791765493688,12.44620690863234,38.962111705919824,4.924328775718898,569.8004819656159
enash@gmail.com,"997 Campbell Flat Suite 970
East Amanda, PW 22048",HotPink,31.764735966817163,11.687428507787404,36.72884398975113,1.8484973002549887,346.6608134268223
kristina69@gmail.com,"2859 Rodriguez Forks
Port Josephtown, OH 13591-3011",BlueViolet,32.476884672624394,12.486184506565143,38.942354107443236,4.9752955318497785,568.7995742458746
david43@richards.com,"967 Andrew Spurs
Mathistown, CO 28230",Indigo,33.53607824230379,11.609686471782078,36.62905773442095,2.812674635763038,445.6159814293558
rojasmichael@wagner-thomas.com,"7602 Scott Plaza Apt. 158
Lake Amberland, VI 10516-3276",DarkKhaki,32.06174764617562,12.824039737043945,36.9468354496643,4.6302046271111115,539.5489770363376
gstrong@hotmail.com,"7875 Landry Road Apt. 947
Brownshire, NC 10074-7735",Pink,34.00533586176553,13.615507145858542,36.87714437982659,3.5573853617191626,621.2259961125524
bushsharon@barber.com,"0013 Andre Field
Whitebury, AZ 68447-6306",DarkSeaGreen,33.25187439121865,11.945494656255457,36.55747405229793,3.4102777228542402,506.4350425840147
cohensean@yahoo.com,"3751 Green Loaf
New Julia, VT 20897",DarkCyan,33.48266783831188,12.064901720587532,36.08571281397437,2.2941122543792134,433.4886263646274
mark81@wagner.com,"410 Gonzalez Corners Apt. 187
East Stephenport, VT 22771",Navy,32.37425988242057,12.774287474714862,37.931583306152625,4.617853911046948,575.2363757398002
wevans@gmail.com,"222 Jason Park
Dominguezshire, NC 98241",Tan,31.570917235887993,13.445831945086438,36.30176065022072,4.2468243824658565,545.1554803790658
david58@yahoo.com,"6058 Thomas Divide
Matthewland, PA 89442-8198",LightSalmon,33.35811919597624,11.727134196555495,37.553713163128386,1.7390683489813732,376.5173353273728
briancarlson@page-fleming.com,"USCGC Gill
FPO AA 26496",DarkMagenta,32.164296573636335,13.424112654716536,35.81232676159701,4.429744430244516,588.14777957925
jeffreydawson@gmail.com,"9944 Trevor Expressway
Robinsonstad, OR 34630-1840",DarkSeaGreen,34.2774230760377,10.562991522107941,36.14881770252038,3.3482509213939133,454.22916389837104
millerrachel@gallagher-nichols.com,"Unit 4742 Box 9517
DPO AE 67219-3123",Turquoise,34.1507890812495,10.698938666979815,34.64103914970373,4.974521805816147,581.5700921664838
jessica04@christian-riley.com,"338 Graham Loaf Suite 236
East Toddton, FM 43566-4238",LemonChiffon,34.91470856800963,13.112517502311793,36.72238531474407,1.865715385295551,503.8389864441238
heatherhall@yahoo.com,"8522 Regina Port Suite 782
Port Kaitlin, TX 50501-7264",MediumSlateBlue,32.37747307381664,12.938177929548873,37.81469969479756,2.9044253678244094,491.4474502048708
vickie90@lee-wilson.com,"9135 Rodriguez Dam
Ramirezberg, MS 77223",DarkSeaGreen,32.79190014702369,11.680122756897182,35.413973955425824,4.041266842929809,500.96766504186934
aaron22@gmail.com,"38678 Sean Drive Suite 293
Karentown, IA 78306-2717",DarkGray,33.465707520875114,11.966938695587844,36.53300148369278,4.705598630652053,582.6600785343429
richard81@day.org,"7955 Samantha Walk Suite 230
North Luis, IL 44629",SlateBlue,33.14741321612391,11.681056684479136,37.47873859136149,3.9410120043570944,507.4419999036267
vancemichelle@gmail.com,"6586 Reginald Crest Apt. 061
North Josephfort, NM 55275",DeepPink,32.37722304881267,12.418163668172676,36.08715374094191,3.0842967749047356,488.0445588267576
wheelernancy@hernandez.com,"66340 Michael Lane Suite 878
West Brian, LA 69137-1147",Gold,32.450320235501856,13.028034444761902,38.27839649401411,1.2359922152281806,361.4583424269626
lisacabrera@yahoo.com,"9801 Thomas Pike Suite 058
Brandishire, AK 88122-1314",DarkSlateBlue,33.06965314295648,10.58581677372251,37.56081002615953,4.611752728675719,509.51088695372107
stevenanderson@yahoo.com,"5401 Holt Corner Apt. 195
Hannahstad, NC 86693-3595",LightGreen,34.610618374297076,10.418793398588234,36.1104598532217,4.3796388035260145,534.1352190506772
dwhite@gmail.com,"02136 White Grove Suite 418
Marytown, DE 70033",OrangeRed,33.11339874424309,11.548101918888921,37.1000363034032,4.6152941792546445,545.488422040721
kcannon@alvarez-cline.info,"55479 Peters Field Apt. 702
North Micheleberg, PR 45063",Lavender,32.54243801128486,13.34075264589363,37.97545969372804,3.528116543692636,544.4063182211196
connorlambert@yahoo.com,"931 Andrews Heights
South Shelley, NV 21850",Khaki,31.931277082825215,12.127384787993455,37.23783993861486,3.368185744254162,455.0868119394033
jessicabrewer@simmons.net,"5052 Mccoy Passage Apt. 328
Teresaport, FM 97139",LightBlue,34.07639904899762,12.937805778588814,38.67074785496229,3.289060586072521,540.1191401125199
dhudson@ramos.net,"5661 Grant Centers
Stevensfurt, CT 53959",Olive,30.990547588092465,11.75307952201497,35.993611979213874,4.460255900133922,504.6814917337623
hortonrobert@hotmail.com,"31309 Stacey Keys Apt. 979
South Jason, KS 35357",Salmon,33.17351524347273,12.008689168957305,36.861273637948614,3.4635766046647496,500.665212632038
laurajimenez@gmail.com,"06103 Erik Fields Suite 781
Jonesmouth, GA 49931-3078",SlateBlue,33.50380722073518,12.578928571756302,37.18698982654641,4.250223412625394,551.3874260843249
jenniferking@hess.net,"06939 Jones Neck
Mariaview, VT 87641",BlueViolet,31.376120204538502,10.953510402453071,38.025060253449354,3.4740838589439123,409.01588950548376
potterkenneth@strickland.com,"2559 Harris Pines Apt. 514
Michaelshire, ME 21753-8834",MediumSlateBlue,33.41585639090375,11.225174784471898,37.06691918854818,3.9260056419791702,507.34091988018116
codyandrews@hotmail.com,"63010 Reyes Creek Apt. 569
West Catherinetown, MN 67491-6816",Indigo,33.47219613078552,13.461471806075613,37.23582041543868,4.04856946903625,597.2435547352371
rhonda96@little.org,"2977 Perez Row
Lake Jack, TN 45336-9436",GhostWhite,32.0442302284154,11.67167660436708,37.55401852699299,4.6869161264250785,532.5804306443928
drew29@hotmail.com,"20888 Erin Via
Grahamville, NH 72913-6101",Tomato,32.13533984397695,12.783582620886273,36.55555096420016,1.1309570958782966,359.96833193704396
walkerlaura@peterson-yates.com,"89154 Jones Stream Suite 311
East Katie, NC 72742-1516",LightGreen,33.124550500573996,11.889628457831881,36.276629911609305,2.6514010029507245,439.07489576941487
amberchase@fowler.info,"1867 Gregory Isle Suite 022
Port Tammy, LA 52305-9696",GreenYellow,34.02827678040889,11.505223667476983,35.272287374036466,3.373462865811755,481.56078081732454
charlesjackson@brady-fuller.net,"3802 Veronica Causeway
East Patrickfurt, DC 84522",GhostWhite,32.78322518835713,12.05152654984478,35.5926611071926,2.4045577563574088,412.3893262315984
gharrison@davis.com,"04140 Cameron Brooks Apt. 724
South Laurenberg, HI 08562",MediumSpringGreen,33.129340365687426,11.653553764750113,35.94822331328752,3.545942650613668,498.27061388257545
carrillojacob@perry-larsen.com,"909 Hicks Mountains
Gabriellaport, MD 33121",Aquamarine,32.264075699071704,13.575966173800524,37.58519637092986,3.10181915948774,516.205444560501
antonioharris@hotmail.com,"4307 Nicholas Drive Apt. 259
Ramirezberg, AS 59832",MediumBlue,33.60162977256856,13.4045707050769,37.02979363582254,2.3410662595842386,489.6954072212167
jenniferking@hess.net,"06939 Jones Neck
Mariaview, VT 87641",BlueViolet,31.260966754171275,10.851909359612128,38.13167478234508,3.454847292182913,410.62223913067055
nblack@smith-romero.biz,"00615 Tracy Islands
New Marcfort, MO 87297-7431",LightCyan,34.09668431201424,12.598085220595408,37.06817432534281,4.370388818921521,580.9042546288953
aaron89@gmail.com,"0128 Sampson Loop Suite 943
Hoffmanton, MO 02122",SaddleBrown,31.432834146893487,10.1586965945737,38.157798517108915,4.207364191074756,414.6904788127438
stevenking@patterson.com,"94730 Martin Mount
New Matthew, VI 08142-6708",LightGray,33.49036247719193,12.308886383244213,35.03974739686315,0.970203688336767,357.82467205566485
roblessarah@hotmail.com,"022 Taylor Mews Suite 692
Hallberg, NJ 53614",MediumSeaGreen,34.72997547196316,12.114390960603465,37.68296401752202,4.641309660006852,607.3268670826286
vchurch@walter-martinez.com,"860 Lee Key
West Debra, SD 97450-0495",Salmon,33.977917502347665,13.447559922088587,37.45267744142661,3.2920982521794513,568.489995414476
john85@martin-morgan.com,"USNV Reese
FPO AA 73568-0730",Olive,33.76997863880734,12.073800313222568,37.32059538233654,4.010609667318949,547.4818674055247
martinezleah@carter.com,"8456 Joseph Locks Suite 926
Christopherport, TN 57784",PaleGreen,33.36346721370913,12.750552311505112,35.612454517729134,3.262136434130133,522.280460647526
bhamilton@shaw.biz,"036 Mary Drive Apt. 581
Port Brandytown, FL 66143",DarkOrchid,33.94977520598029,12.269293444955174,36.65392435949813,3.0042100407554218,497.0911654254105
lamryan@curtis-garcia.net,"96393 Joshua Rapids
Jonesview, VA 58733",LavenderBlush,34.672401305251924,11.897329443389014,37.724086688665444,4.084376650080063,556.0723099475761
ecruz@yahoo.com,"08111 Barry Highway
Bentonberg, GU 13706",Gainsboro,31.89573247716016,11.816116125548806,36.239893456502564,2.4333017470698888,389.58592980301944
kcannon@alvarez-cline.info,"55479 Peters Field Apt. 702
North Micheleberg, PR 45063",Lavender,32.57012413320594,13.420658851590739,37.90726645933579,3.668715461677772,537.2245726149848
davisrobert@hicks-smith.com,"95967 Pitts Burgs
West Sarah, MH 27817-5147",SkyBlue,32.16956252816224,11.174408705675683,39.95285405129899,3.5702314185200392,447.1390418343717
edward29@knapp.com,"4029 Gerald Cape
South Laurenborough, SC 19130-5133",DarkOrange,33.29785952590755,11.077765356659443,35.94505657404661,5.475041851458814,584.2180325945603
bhill@pierce-kane.info,"3324 Branch Squares Suite 221
Riddleton, OK 34594",RoyalBlue,33.75340266253172,14.251080486821026,35.62999845065646,3.628397414089721,628.4211224356997
autumn88@mendoza-mills.com,"214 Obrien Lakes Suite 572
South Jeremy, KS 52867-7617",MediumOrchid,32.00244934581394,12.397998755785077,35.49574639661569,3.3713987882385656,492.8001331494384
walkererica@scott.com,"86536 Barnes Track
South Kyle, MT 21570-5606",MediumAquaMarine,33.68889233239335,13.169928376526746,36.41244114225278,3.0646351287452513,502.25342698675576
floresarthur@yahoo.com,"12612 Johnson Skyway Suite 764
Jessicaville, CT 14968-6590",Magenta,33.09274569476985,9.595483545076267,36.49751606156001,5.094627599941684,506.26375156198617
qmorse@yahoo.com,"0360 Pearson Dam Suite 263
Lake Shawn, UT 65986-4190",MediumTurquoise,31.80825416208133,10.888569614625059,34.847001828609045,3.121967195022735,391.3786249785704
montgomerycheyenne@hotmail.com,"1812 Sandra Shoal Apt. 350
Amandamouth, SC 87794-1628",FireBrick,32.44287454696111,11.094254812684898,36.91468022613137,4.077396923335179,510.4770994677518
wrightpeter@yahoo.com,"05302 Dunlap Ferry
New Stephaniehaven, MP 42268",Bisque,33.26736289635811,12.903183871805943,36.08780510199468,3.9974024350199246,572.2911795676955
johnsonpaul@keller-woodard.org,"USCGC Dodson
FPO AA 87781-3935",LimeGreen,30.86131884660003,13.311444469966112,36.92457997555742,3.5908719207017805,490.8235036484027
wesleyvance@moore.com,"210 Johnson Street Suite 717
New Bethanyborough, MO 84817",Magenta,33.74929992625346,10.682628390622348,36.123983692519076,3.6390215732473363,488.2541073159976
taylorkimberly@yahoo.com,"0030 Mathis Square Suite 154
South Jadehaven, AR 33997-4450",Gainsboro,31.27774569246729,12.685212103241675,36.02126163888191,5.004372329723287,593.8569313768594
jonathanconner@morales.biz,"920 Anderson Extensions
Greenfurt, GA 19316-3498",SeaShell,31.962900965640937,10.796833655548173,36.607098278938885,1.9668183636892769,330.81094765666313
awatkins@yahoo.com,"Unit 6538 Box 8980
DPO AP 09026-4941",Aqua,32.74878853631651,12.3064838403956,37.40239966289756,4.422004226073195,545.6370439432216
ebrown@osborne.com,"4291 Nichols Fork Apt. 562
Thomaschester, SC 08938-8769",DarkSlateGray,31.94672507999648,12.985533606373584,37.019651263112976,6.105876027550303,654.2361899663326
duane56@hotmail.com,"24373 Mcgee Drive Apt. 990
New Mariahaven, NH 14470",Gainsboro,33.6026810441701,11.895988702228465,38.80406406388096,3.6391674204400535,525.1290129969506
lsmith@chung.com,"412 Jackson River
Kleinburgh, KS 52039-7404",BlueViolet,32.72401737638156,12.965498688669172,36.44584363628726,4.097734130844607,561.8665535086986
stevenanderson@yahoo.com,"5401 Holt Corner Apt. 195
Hannahstad, NC 86693-3595",LightGreen,34.67685044359257,10.367095198874866,36.1129212789486,4.46574004712454,529.7836132036707
heatherhall@yahoo.com,"8522 Regina Port Suite 782
Port Kaitlin, TX 50501-7264",MediumSlateBlue,32.360894037891924,12.943312494013522,37.845210974207376,2.90815031653122,494.9282347113292
mary84@edwards.com,"19123 Craig Isle Apt. 719
Millsmouth, SC 94194",LightSkyBlue,31.823167233000042,10.808696381857915,37.331292749116265,3.516426814423412,430.55307627831786
aschmidt@johnson.biz,"Unit 1743 Box 8085
DPO AE 47693-8164",Blue,32.243987445506626,11.735309569277044,35.61977718599699,4.378965514908353,512.6732619271085
lewiskendra@yahoo.com,"988 Matthew Plaza
Lake Jacobshire, AL 37889",Yellow,33.3030255812926,11.148010248554163,36.71809781233383,4.77878172435438,557.9076604340095
kstafford@estes-nguyen.com,"PSC 4856, Box 1297
APO AA 17032-7944",YellowGreen,31.280811192055772,13.980688671588839,36.58359139098966,1.8369010596407658,430.14555573807763
tylerhernandez@barton.info,"7613 Miguel Knoll Suite 762
West Katherine, WV 19406",SlateGray,31.121541682357517,11.145672317448721,38.68236338851863,3.1912787605527684,390.60786417784
salazarkaren@hotmail.com,"51173 Burton Wall Apt. 417
Prestonville, NY 37002",SteelBlue,31.912694431097265,10.377581474974244,36.8759865620784,3.577247930422666,395.71112345005014
ecruz@yahoo.com,"08111 Barry Highway
Bentonberg, GU 13706",Gainsboro,31.814944479774123,11.743200536868535,36.23493234507096,2.336570454201884,385.64909319804855
qgarcia@williams.com,"465 Kenneth Common Apt. 192
North Tracy, WI 36024-8978",Aqua,33.46814688240475,12.583953303298944,36.33838289063643,2.8879607449032765,498.4491363599423
lucastaylor@yahoo.com,"63872 Chavez Lodge
Danielton, NJ 85847",MediumTurquoise,33.92939967623495,11.032307590047216,37.9486660879267,3.0672878031427504,434.2834073886897
whitetyler@anderson-avery.com,"4547 Stafford Throughway Apt. 178
North Patrick, MD 60768-4837",MidnightBlue,34.031299629744844,11.496539261157416,36.41755133002496,4.584186540348357,583.5332951780437
briannasantana@gmail.com,"88978 Noble Crest
North Rosemouth, FM 53484-6689",LightPink,32.480278495236426,13.4834349676788,36.00667695807091,3.0869265514113287,518.8166342570795
tinasmith@martinez.info,"40000 Ann Port Suite 474
Youngberg, MS 03651",LemonChiffon,33.06678988856213,11.92394732160528,35.393804487952,3.939525560544076,534.8750755955084
angelaphillips@gmail.com,"102 Karen Court
New Jameston, SC 57761-6570",MintCream,32.68262243368768,11.93495428531464,36.62832415635095,4.134810270539879,514.7491139591275
theresamitchell@martin-chambers.biz,"157 Linda Roads
New Jimmyshire, MH 51942",Khaki,31.908822392148746,12.475729251023456,37.30549580053264,3.061509513084006,434.9466283521783
bonnie69@lin.biz,"PSC 2734, Box 5255
APO AA 98456-7482",Brown,31.977872361688593,11.81202294591096,37.17925210405596,3.241773550552995,418.3073765469462
taylor91@hotmail.com,"3132 Willie Harbor
Kaylafurt, FL 01107",CadetBlue,33.60690080216006,13.125344076061554,35.86399063676867,3.02428197538247,502.43583220602386
allison80@carson-hansen.com,"04311 Oconnor Park Apt. 415
Kelleystad, ND 63064-8935",ForestGreen,33.553078197207256,11.958837637302517,38.92881221641507,2.8910378183030754,498.07416843893225
nhenry@hotmail.com,"3874 Harper Plaza
North Nancy, ME 96802-9462",BlanchedAlmond,34.82599876716706,12.452264360822001,37.66083089730682,3.07291769673489,538.3224009716859
martha91@garrison.net,"360 Albert Spring
South Tylerbury, VA 92641-9077",HotPink,34.33221766266564,12.971678861834196,36.31792146377356,3.8344054239560936,579.7373846160624
lschroeder@gmail.com,"93101 Shannon Common
South Destiny, ND 30379-2855",Ivory,33.83240170761595,11.205922298839077,37.31976050270186,4.797148148257477,562.0912275483238
tammyjones@griffin.com,"0859 Audrey Isle
South Zachary, AS 09138",Navy,33.18053741150225,9.76587740567354,36.779929641084,3.8265030111354443,428.6383422866341
katie25@gmail.com,"6861 Lopez Fork Apt. 114
South Jamiechester, DE 63993",SpringGreen,32.78209085656326,13.202159838672568,36.58457805109367,3.535856902312607,535.0976425629235
jessicabrewer@simmons.net,"5052 Mccoy Passage Apt. 328
Teresaport, FM 97139",LightBlue,34.038190305178006,12.938993175231865,38.63766975640878,3.269483607083222,545.8014758626002
ulee@wells.com,"309 Singleton Hollow
Matthewhaven, NJ 68776-7477",LemonChiffon,33.56503295249562,11.970806663197862,34.5319311814407,2.766883252136496,460.26186652365254
kcannon@alvarez-cline.info,"55479 Peters Field Apt. 702
North Micheleberg, PR 45063",Lavender,32.512374944355784,13.24177336518219,38.02917671438208,3.588619511997082,542.7194800872769
arice@reynolds.info,"740 Marshall Squares
Davidbury, AL 94251-0846",Thistle,33.61636461451455,12.216200673406979,37.26568559501415,2.652686412926483,468.5137850354168
rchambers@hotmail.com,"53964 Weaver Brook Suite 861
Stevensonshire, NY 18128",OliveDrab,33.0578787966085,13.105354423302863,38.325765268804794,4.793020772459581,632.7906771267483
ashleychristopher@gmail.com,"9271 Christopher Prairie
Douglasshire, NM 18581",MediumOrchid,34.47256619051157,11.422740003349949,36.50898148791839,2.435042930818893,437.9068423064938
pamelahampton@martin-cobb.com,"91542 Jessica Springs Suite 255
Thomashaven, MT 39239-3790",DarkSeaGreen,32.29765872522789,11.437342230775698,35.83300865781209,3.966378077846189,489.3680591047445
jenniferking@hess.net,"06939 Jones Neck
Mariaview, VT 87641",BlueViolet,31.37526434844277,11.08268008224017,38.128599057895116,3.3916800345130076,414.2405301563989
joshuaodom@gmail.com,"5277 Patel Brook
East Audrey, NJ 19075",DarkGoldenRod,32.736702531839306,13.102278456394139,38.84981118180354,2.8207917621330276,489.1914794036438
tsmith@yahoo.com,"92028 Thomas Mountains Suite 044
New Matthew, MI 02429-0994",Bisque,33.96817946008053,12.312714460799427,38.31868468078186,1.1542247006515778,384.4302553413926
bakerdrew@gmail.com,"39637 Griffin Plain Suite 691
New Deborahview, MP 73870-3773",Chartreuse,33.32614686812645,13.444751797353861,38.52310295627205,3.3467126149240762,542.3232332265092
kelly24@lewis.info,"983 Ross Glen
West Jessica, NJ 42860-5757",Bisque,34.19196002164198,13.038111358154506,36.60512155205615,2.248523225880564,472.911982579871
briancarlson@page-fleming.com,"USCGC Gill
FPO AA 26496",DarkMagenta,32.16904470633897,13.3528828632237,35.71377257223801,4.285605677311178,591.7600933458797
thomas22@yahoo.com,"7346 Jennifer Green Suite 148
Wagnertown, MT 65972",IndianRed,33.562126330138526,11.909131963371099,35.901311237867525,4.568030154780767,561.123428135657
apark@walsh-obrien.net,"28942 Bradford Crescent
New Morganfurt, MD 77162-0478",DarkGreen,32.32341520548974,13.145368611402665,35.58311995997527,3.6973114032023817,529.1584771965032
arice@reynolds.info,"740 Marshall Squares
Davidbury, AL 94251-0846",Thistle,33.641962145791275,12.246132663565971,37.206477202617634,2.5863987599451597,471.3654852804059
jasmin20@salas.com,"634 Nancy Shoals Suite 241
South Barry, AR 52307",HotPink,33.883125664747965,11.647454435779972,37.29313692998705,4.190967798012257,578.9381745405183
michaelferguson@torres-miles.net,"757 Amber Gateway Apt. 787
New Stephaniechester, OR 61576-6056",Sienna,34.146600032987074,13.226255234526937,38.89891708940652,3.1977253960450267,554.0486760878214
tina16@santiago.com,"314 Kidd Run
Johnfort, KS 46546-2732",White,33.04923692068179,12.587163415241479,37.26876894330459,2.751045538613281,475.34543688200677
katie25@gmail.com,"6861 Lopez Fork Apt. 114
South Jamiechester, DE 63993",SpringGreen,32.786619604092245,13.273879994099888,36.62542514456881,3.4795309143908675,537.8667405115585
davisbriana@gmail.com,"15298 Erickson Shore Apt. 056
South Patrickfort, MD 16503-3145",MediumVioletRed,33.156995372391016,11.748680637187215,37.93091983597784,2.111447440920207,423.8369799941399
mstephenson@fernandez.com,"835 Frank Tunnel
Wrightmouth, MI 82180-9605",Violet,34.39853165884835,12.568111179761468,39.631705826652805,4.025685851019554,589.0071420611706
krista86@norton.net,"0537 Rice Village
West Kylieberg, NJ 19433-5090",Azure,34.346217125360184,11.7301578725526,37.448150552064334,2.43986683171147,449.9385770842551
kimberlyfrederick@gmail.com,"71299 Jessica Shoals
East Mark, IA 48085-1070",DeepSkyBlue,33.16991772486761,11.983709560270432,36.89086762959745,3.0738279749948383,474.69135953565313
jessicabrewer@simmons.net,"5052 Mccoy Passage Apt. 328
Teresaport, FM 97139",LightBlue,34.0335817963886,12.922102972467094,38.64338950208229,3.2743240003485883,541.3321191184394
william28@gmail.com,"16763 Melissa Creek Suite 367
North Keithland, PW 29458",Cyan,32.931776357714675,11.561404838669013,36.80527534261532,2.3649293656443233,399.981804824027
heatherhall@yahoo.com,"8522 Regina Port Suite 782
Port Kaitlin, TX 50501-7264",MediumSlateBlue,32.3080166617039,13.089216774485228,37.84494232291711,3.020976573924236,492.4932311016254
sanchezkara@hotmail.com,"40494 Robert Park
Heatherside, IL 70364",SlateBlue,34.379604038628436,11.105020705100376,38.51926014439217,3.8727583375373347,502.3539597634653
vstafford@hotmail.com,"PSC 5723, Box 8159
APO AA 74738",Olive,31.541516162765745,13.367957312202382,38.722539392540405,2.213505323333193,434.3493591945149
lewisjessica@craig-evans.com,"4483 Jones Motorway Suite 872
Lake Jamiefurt, UT 75292",Tan,33.173155845010974,13.611394414358118,36.384538384608156,3.7232082069764414,576.5322839084282
brenda68@hotmail.com,"0377 Reed Via Apt. 169
Alexandershire, MO 43498",Moccasin,33.22116089212181,12.901349321501883,38.12047339453906,3.851411650188215,571.9946560121952
afry@ford.biz,"399 Jeremy Skyway Suite 377
North Keithville, IL 55074",PaleTurquoise,32.22019349757672,12.251199234865984,36.214735152779284,3.8118875453579544,493.8083836616539
francisgeorge@thomas.org,"27563 Vincent Lake
Allenchester, DC 22159",Teal,33.96969559727041,11.955614506781997,38.207789740612284,2.976828501088726,461.9313364150798
rhonda01@gmail.com,"939 Watson Run
Staceyberg, VT 58376-0454",Orchid,34.46020703032835,12.822116373506596,36.18161575703435,5.757356328384674,707.4578946614282
thomas22@yahoo.com,"7346 Jennifer Green Suite 148
Wagnertown, MT 65972",IndianRed,33.496305965030096,11.90204602318562,35.86364518446064,4.656502313948445,556.9031325549207
waltonkaren@gmail.com,"355 Villegas Isle Apt. 070
West Jenniferview, NM 26775-4339",Green,35.73652840189947,10.95883439049805,35.54021094671944,6.149443565547731,662.6640215191226
contrerastiffany@gmail.com,"439 Todd Summit Apt. 478
Mooreland, AR 31655",CadetBlue,34.00181621751776,12.942541161386965,36.0002335279443,3.4951454320455944,546.4456289491744
acontreras@hotmail.com,"88995 Edwards Row Suite 456
North Jo, DE 02062-7953",Sienna,33.539194770146054,10.668457232942838,37.43954437377686,3.8402491567613093,469.3957260332389
wandaphillips@leonard.com,"149 Monica Vista Apt. 908
Jasonberg, TX 19632-8886",OliveDrab,33.169292130642766,11.33592690218225,35.69156975159065,1.7877385594643431,371.80435144023346
melissa08@rowe.net,"13799 Cortez Inlet Suite 733
East Stevenshire, AL 32757",Tan,33.34349462736914,10.997565300130816,38.652455525118484,4.143675323569124,512.3940973052214
annstone@hotmail.com,"543 Reynolds Burg
Melindaberg, KY 46631",LightPink,34.59090582273819,11.776641783484148,38.15909532357787,1.7701283642367645,396.3637014613463
michael53@munoz.com,"USNS Mitchell
FPO AP 92946",MediumBlue,32.36387362538352,12.042189807524283,38.974352076930714,3.9233201495350927,506.6580844521886
arice@reynolds.info,"740 Marshall Squares
Davidbury, AL 94251-0846",Thistle,33.550318228211964,12.232676779886352,37.29750726072425,2.5310874143084563,466.67364294782124
scastillo@hotmail.com,"0922 Gutierrez Loaf
Wattsbury, OH 96315",Moccasin,33.221515964848834,11.110799322003343,37.411114529144115,3.9818044863787705,513.3195828652592
codyandrews@hotmail.com,"63010 Reyes Creek Apt. 569
West Catherinetown, MN 67491-6816",Indigo,33.43222518124742,13.384759914224347,37.15946108680813,4.016610294489526,594.6608350903025
bhill@pierce-kane.info,"3324 Branch Squares Suite 221
Riddleton, OK 34594",RoyalBlue,33.748457188328295,14.37771171010963,35.809264950792645,3.7623697638338824,627.2732609116171
sharon82@saunders.info,"873 Clay Flats Apt. 810
Lake Kyle, GU 48782",DarkGreen,31.49508520217131,12.523166111515225,39.657403418128126,3.680913811340441,491.6018961829208
kellydeborah@chan.biz,"354 Sanchez Wall Suite 884
Juliabury, VI 39735",DarkTurquoise,33.45883049056262,13.364175197354603,37.95637555140543,2.765415876533985,510.6676764506706
dvasquez@wiley.com,"967 Chloe Springs Suite 554
Lake Ashley, GA 03230",HoneyDew,32.698208156456495,11.034726117808171,34.748503548598855,2.636946234990683,387.2989599446787
bonnie69@lin.biz,"PSC 2734, Box 5255
APO AA 98456-7482",Brown,31.870461595144253,11.768365288060561,37.231754385432126,3.229634778875132,430.5335116420158
awatkins@yahoo.com,"Unit 6538 Box 8980
DPO AP 09026-4941",Aqua,32.71712674157091,12.411336147960066,37.372361957577745,4.410260237681785,544.8503796017858
gomezalicia@hotmail.com,"506 Allison Cove Apt. 766
Weeksstad, AS 71308",MediumSpringGreen,32.30796015001598,12.477835741566741,36.692825083265106,3.470947995206277,490.92059518227455
connerjoseph@gmail.com,"981 David Square
New Jacquelinetown, AK 66018-4092",Turquoise,34.63387215469583,11.32544477237898,35.46366173728358,4.5482767845745355,570.3357743215672
williammoore@rose.com,"686 Baker Fords Suite 893
East John, IL 50171-9547",Brown,32.81934164759661,13.131401733728659,37.99170511691523,4.559881073742813,610.8954127406403
efoster@williamson-boyd.org,"4968 Bennett Manors
Rogerschester, IL 81579-8333",Lavender,34.314488475362,11.865028623419384,36.29719327731924,2.125996575195591,434.10604837069934
longwilliam@gmail.com,"16068 Kelly Parks
Wrightside, NH 21447",BurlyWood,32.741554011870136,11.795604452386826,37.10079176471866,1.5056204928307226,345.26303325143454
lisagutierrez@johnson-herring.net,"89300 Amber Centers Apt. 879
Victoriaton, VT 98394",Peru,32.36316432581395,13.790000948778523,37.38319583462095,5.094221619365234,668.3102452081421
chasejennifer@hotmail.com,"9507 Robert Prairie Apt. 601
East Crystalview, SC 56814",DarkOrchid,33.03869250036535,11.903069698816456,37.25739006724929,4.684598256152156,557.9557132786547
hking@hotmail.com,"85181 Christian Courts Suite 758
Larryfurt, MS 38722-6766",PeachPuff,33.08126566250119,11.829983698285949,36.82094933608867,3.499647639898082,483.9394392110671
john96@chan-anderson.biz,"04290 Barron Square
Laurenmouth, AS 79917-9544",Snow,33.23684407152746,13.12974638685325,37.287311424777684,5.427561942733922,666.0005288785615
xkaufman@gmail.com,"02342 Melissa Islands
Smithhaven, KS 68335",DarkViolet,35.3736531730067,10.607126899364216,36.76728656295929,4.208773492664018,538.6438543785877
samuel46@love-west.net,"544 Alexander Heights Suite 768
North Johnview, MT 57912",LightSeaGreen,32.571084776497635,14.029817398324152,37.23672262944746,3.996462353490202,602.8131818748258
lsmith@chung.com,"412 Jackson River
Kleinburgh, KS 52039-7404",BlueViolet,32.633333044925045,12.949411449487753,36.47022155717759,4.080391023954436,568.268023344991
dvasquez@wiley.com,"967 Chloe Springs Suite 554
Lake Ashley, GA 03230",HoneyDew,32.84359192145036,10.998119331010768,34.79228713670841,2.6459386036296446,387.2793795941506
rlindsey@norris.com,"581 Smith Prairie Suite 995
Andersontown, AS 58802",Green,32.82383567128956,11.569129020107574,37.523671657888215,2.9371712801489887,436.8464952767053
edward29@knapp.com,"4029 Gerald Cape
South Laurenborough, SC 19130-5133",DarkOrange,33.38912892492731,11.188288277205173,35.95016187905702,5.370075212607836,586.2783163001722
brandonsmith@yahoo.com,"62106 Nathan Mountain Suite 505
North Matthewborough, AZ 32092-6122",Gold,33.66790315381153,11.601691948030417,36.274024167572406,3.6060043637406807,478.2204935517935
kristina69@gmail.com,"2859 Rodriguez Forks
Port Josephtown, OH 13591-3011",BlueViolet,32.45097225438956,12.413989293455408,38.908517837678,4.839218985414342,575.5389778967063
beasleyjoseph@hotmail.com,"1094 Bentley Forges
Lake Antonio, MA 29181-3664",SaddleBrown,33.31794249910499,10.952298558229181,35.98917251107501,2.6120558263797986,405.8209302681116
wbrady@yahoo.com,"044 Riggs Expressway
Lake Stevenchester, AL 22283",SandyBrown,33.78984084054388,9.972436326592428,35.94776238011572,3.8840356874638333,452.28730198455423
sarahtran@dixon.com,"770 Katie Walk Apt. 585
Port David, MN 52850",GoldenRod,34.99594127428852,11.969794717101513,35.843798882033106,3.3716979078849025,536.1396086310965
carrillojacob@perry-larsen.com,"909 Hicks Mountains
Gabriellaport, MD 33121",Aquamarine,32.22203900643421,13.470768867810747,37.573879331748685,2.967780101490423,512.220937846308
michael86@yahoo.com,"87270 Garrett Cliffs Suite 361
Brooksberg, MO 26555-2502",LightYellow,33.247520890280725,13.529276385856138,38.97809681164333,3.0826256693709464,554.3466581934259
schmidtdenise@hotmail.com,"06392 Matthew Viaduct Suite 000
Lake Ronald, NY 45787-0181",DarkGoldenRod,33.15114719311945,12.934326809773111,36.46141652304577,4.6378153017511945,617.5028576953498
kstafford@estes-nguyen.com,"PSC 4856, Box 1297
APO AA 17032-7944",YellowGreen,31.105785492401367,13.9385883031006,36.631541533315946,1.756927444446305,429.2891931564126
drew29@hotmail.com,"20888 Erin Via
Grahamville, NH 72913-6101",Tomato,32.0170743005968,12.796136025840447,36.483483483404314,1.1437035785072118,349.78320884506525
jasonhensley@yahoo.com,"97262 Brian Skyway
Lake Marissa, GU 96859",Sienna,33.95381807854193,11.689995715739677,37.295467329228856,1.9315813121636873,407.0542587609997
dylanmartin@hotmail.com,"42644 Helen Keys Apt. 103
Jessicahaven, KS 89406-1960",MidnightBlue,33.0843699806935,12.859488184938261,37.05510496666748,3.3326700844006,533.5442702953991
jamesfaulkner@hoffman-wolfe.org,"Unit 0474 Box 0661
DPO AP 48938-3469",Blue,34.4181639523106,12.781736290677735,38.537312942615245,1.866294060317632,463.1740637025067
jasonrichardson@elliott.com,"18372 Matthew Fork Suite 705
North Matthewmouth, KY 99737",Chocolate,33.79444286430113,12.405334696648255,37.16378553766541,4.187167470928911,594.6817592440005
williamsjohnny@ferguson.info,"51920 Kent Junctions Apt. 352
Walkerport, NY 11257-6647",LightYellow,32.86697435927254,12.807184537668041,37.03339993970489,3.834022225166093,526.9682887280437
jason50@bates.net,"74839 Michael Plains Suite 356
South Austinshire, ND 40309-1424",Bisque,32.02437597041223,12.07073429314355,36.390115245574954,3.1908529491487667,446.42300304809845
djohnson@hotmail.com,"5358 Stephen Parkway Suite 894
Kimview, MN 17436-4528",Coral,32.16025258204418,13.367556403809909,36.96745275269991,5.0313708906000745,621.7853752267765
rogersheather@hamilton-jensen.org,"510 Michele Port
East Angela, HI 23618",MintCream,33.690599700151864,12.99503642799801,36.313109057174074,1.9949341485768213,446.37856615173774
karenosborne@yahoo.com,"81814 Pratt Squares Suite 460
North Robert, GU 77741-1307",SlateBlue,32.69522273510618,12.658145333221768,36.13229641567367,4.317742196558968,571.1844085087353
rlindsey@norris.com,"581 Smith Prairie Suite 995
Andersontown, AS 58802",Green,32.68615242351442,11.569548374222899,37.51057422134372,2.8481814203455897,435.34831208416824
jason50@bates.net,"74839 Michael Plains Suite 356
South Austinshire, ND 40309-1424",Bisque,31.975639017520226,12.10887291215908,36.42075313935621,3.2377723415516333,440.2528292116676
wevans@gmail.com,"222 Jason Park
Dominguezshire, NC 98241",Tan,31.534095003026188,13.43561779097359,36.272805131722336,4.357690713320883,548.4932208069852
jared39@hotmail.com,"739 David Isle Suite 818
Chandlertown, DC 34587",SteelBlue,33.43562121170231,10.973572892356,35.52609831550987,3.420416065673923,444.14912753067136
taylor91@hotmail.com,"3132 Willie Harbor
Kaylafurt, FL 01107",CadetBlue,33.40286270168768,13.09115668983657,35.956280507204475,2.869119698723683,492.8196426807426
waltercharles@sanders.net,"291 Stephen Glens Apt. 532
Jacquelineton, NJ 53606-5656",IndianRed,32.34170624528362,11.992204612377959,37.29564598732888,2.8318624711499267,409.35814103325583
tylerhernandez@barton.info,"7613 Miguel Knoll Suite 762
West Katherine, WV 19406",SlateGray,31.10454830905029,11.155223791304984,38.58670468016611,3.0732284227408186,392.39450329361364
mstephenson@fernandez.com,"835 Frank Tunnel
Wrightmouth, MI 82180-9605",Violet,34.55445601571383,12.60418469183692,39.57577457753412,4.004078268602438,581.3154484780624
taylorkimberly@yahoo.com,"0030 Mathis Square Suite 154
South Jadehaven, AR 33997-4450",Gainsboro,31.36011384395239,12.777866016206728,35.97352766242083,4.969724036471108,597.238045614244
marc54@hotmail.com,"Unit 6174 Box 1949
DPO AP 27478",SandyBrown,34.33640344004667,12.274444528116259,36.19509695777613,4.653287435557828,594.2238292830265
kelly24@lewis.info,"983 Ross Glen
West Jessica, NJ 42860-5757",Bisque,34.158537266888814,12.850688753400608,36.7023864763843,2.2879827606209924,477.0406374464231
randyrobinson@hotmail.com,"14548 Hayes Isle Apt. 436
Garciaville, IN 65366",DarkGray,33.36073411664083,13.393182142246873,36.28387067375828,5.573000191644987,695.9766431715467
waltonkaren@gmail.com,"355 Villegas Isle Apt. 070
West Jenniferview, NM 26775-4339",Green,35.669097048680904,10.857079466629514,35.51260291228065,6.194780841399613,670.9418185045448
taylormason@gmail.com,"7773 Powell Springs Suite 190
Samanthaland, ND 44358",DarkBlue,32.42827903131404,13.141588805221769,36.61989567737281,2.458540540123502,475.3621131137944
josephgould@west.info,"861 Annette Stream Suite 771
North Miguel, CA 33824-1610",DarkBlue,34.252927227817246,10.29946318662046,37.40288416326481,2.080128279424798,381.2989296040644
randall85@williams.com,"5086 Morales Islands Apt. 099
New Patricia, IL 78823",Black,33.580835245402234,12.996323533306496,39.53028723814117,3.989020043912235,587.2776324215819
awatkins@yahoo.com,"Unit 6538 Box 8980
DPO AP 09026-4941",Aqua,32.80831222838533,12.398253112021827,37.36144453414549,4.464909266446639,546.7198943586543
elizabeth61@berg-braun.com,"649 King Extension
North April, NY 54175",Lavender,32.940834417773026,13.208508611313377,35.96655669825722,1.8601569587604663,442.8600587818357
brianwilson@yahoo.com,"448 Stewart Divide
New Ashleyfort, FM 84050",BurlyWood,34.594681330868944,12.197589294284429,39.130023617131414,3.618084276706377,544.2518969097515
laurajimenez@gmail.com,"06103 Erik Fields Suite 781
Jonesmouth, GA 49931-3078",SlateBlue,33.509212872563765,12.48513303537249,37.26211356019365,4.162309180749209,560.2340014631229
josephallen@hotmail.com,"3144 Jamie Rest
Maxwellville, NC 93749-1190",PeachPuff,32.59716242118511,11.52106091997056,37.33490819668362,2.7714379974072116,424.85941712615863
david79@lopez-montes.com,"969 William Manor
West Sherry, MA 66282-2258",Purple,32.16988918702142,12.340489124795798,37.178157873710454,3.1646252235112176,466.4415469359077
kellydeborah@chan.biz,"354 Sanchez Wall Suite 884
Juliabury, VI 39735",DarkTurquoise,33.37978987781883,13.318758366196779,37.969538030580274,2.7181068569978604,505.14208399860627
teresapacheco@salinas.biz,"75805 Larry Mills
East Cristian, MH 53820",DarkMagenta,32.06629800239412,12.76043443768174,37.58114165337244,3.649128200196787,514.8963516664971
randywhite@armstrong.biz,"0506 Pitts Forks
Woodsbury, AL 98082-8186",Teal,32.80850770806872,12.406832279046805,36.63895160535474,3.572813885115566,487.75226252679647
acontreras@hotmail.com,"88995 Edwards Row Suite 456
North Jo, DE 02062-7953",Sienna,33.38284629137785,10.769030025138468,37.46102002006027,3.89772366573753,478.5617633275977
josesims@hunter.com,"8830 Debra Loaf Apt. 341
Drakeville, ME 22340",SlateBlue,33.94609602177773,11.971389033964112,36.70099188060615,2.7815896795360358,476.2517143328099
bradleysmith@barber.com,"581 Gilmore Port
Heatherville, MS 20879",PaleVioletRed,33.75373636238208,11.106735180442973,35.558902889315505,5.4666003778223855,577.9152029976757
gregorystewart@hotmail.com,"232 John Haven Suite 456
Johnsonhaven, VT 90106-0173",PaleGoldenRod,32.25847199065863,12.402857779683298,37.68851109605624,4.610245100786633,573.3540397207826
rchambers@hotmail.com,"53964 Weaver Brook Suite 861
Stevensonshire, NY 18128",OliveDrab,33.082601935747384,13.207536601384883,38.33090313766764,4.715330518952244,631.5613188206543
tammyjones@griffin.com,"0859 Audrey Isle
South Zachary, AS 09138",Navy,33.09416254142589,9.805368400224626,36.91969393657855,3.8637957629907107,424.3888481947299
theresamitchell@martin-chambers.biz,"157 Linda Roads
New Jimmyshire, MH 51942",Khaki,31.78324784075688,12.4960290993789,37.41814594730416,3.0139683059927322,439.63797508898057
douglasdunlap@boone-rose.com,"093 Larson Ports
West Kathryn, OK 91243",Purple,30.29664359358064,11.72432652182431,36.30228709845147,2.0161165176562954,320.8330304655277
jacquelinehughes@bennett-branch.info,"601 Ashley Loop Suite 162
Port Benjaminview, DE 02456",DeepPink,34.72143265813233,11.795631041922698,36.86268498497856,4.131927853390986,557.7428635448846
elizabeth61@berg-braun.com,"649 King Extension
North April, NY 54175",Lavender,32.87759472157439,13.202801077761618,35.88111532831012,1.8899639157503971,437.9021433338229
thomas22@yahoo.com,"7346 Jennifer Green Suite 148
Wagnertown, MT 65972",IndianRed,33.57214860299608,11.950725859133602,35.99080191363684,4.546062196367519,563.3474973054538
ebrown@osborne.com,"4291 Nichols Fork Apt. 562
Thomaschester, SC 08938-8769",DarkSlateGray,31.89886150895743,12.986651854343753,36.895855491903504,6.0982705454142945,656.3176446136263
elizabethnunez@vasquez-nelson.net,"209 Andrew Viaduct
Port Anna, OR 01627-8037",Cornsilk,32.561607033619524,10.341169898462622,36.78400265345031,4.842401605123853,499.454704681364
jessica04@christian-riley.com,"338 Graham Loaf Suite 236
East Toddton, FM 43566-4238",LemonChiffon,34.892115940126146,13.108738126655657,36.70649114771534,1.885435392406302,503.09892905831043
willie26@johnson-howard.com,"97686 Robertson Cape Suite 607
Port Veronicaside, NE 47293",Wheat,31.98557924480395,12.613959143286516,38.12819144202935,5.1562424275742975,591.6464747854839
hailey18@yahoo.com,"08079 Thompson Village
North Lukeborough, AL 16825",Lime,32.8648608075921,12.699015940964365,35.542037011067514,5.547999558729939,641.529632581819
casey21@johnson.com,"691 Johnson Field Apt. 510
Michaelville, VI 78140",SpringGreen,33.586557508863706,11.588804394741283,38.97225289551159,3.6309722590814535,514.7531375840219
lisacabrera@yahoo.com,"9801 Thomas Pike Suite 058
Brandishire, AK 88122-1314",DarkSlateBlue,32.97228706713521,10.669111845786936,37.562199321372226,4.644370068584341,500.8166204424889
pvega@hotmail.com,"61629 Johnson Underpass
New Eric, MI 92352-5044",LightCoral,31.93021583588612,11.343898783175689,36.246509624892,5.339444523945431,565.6534515931183
craigcastro@burgess.com,"65407 Warner Forges Suite 071
New Lori, AZ 30132-2395",OrangeRed,32.87019033719627,11.874543345122179,36.40735161418493,3.3604679448166452,467.8182360763089
webertom@phelps.com,"189 Crawford Hill Apt. 746
New Madison, WV 14108-4333",DarkOrchid,31.39805351839563,12.163698067163656,35.518778994959085,3.1776597319216373,423.60506566273267
webertom@phelps.com,"189 Crawford Hill Apt. 746
New Madison, WV 14108-4333",DarkOrchid,31.285016684523242,12.121555601784529,35.4767092194101,3.1293227318432777,432.09391832851605
rogersheather@hamilton-jensen.org,"510 Michele Port
East Angela, HI 23618",MintCream,33.81752325580837,12.951311811686315,36.32489994600446,2.0924354054822905,448.5651434469283
kday@gmail.com,"4835 Jessica Walk Suite 205
West Jacob, NH 93681",Magenta,33.455537713584356,11.861926759282445,35.88346858940596,3.208316406943683,500.32243468508125
mary84@edwards.com,"19123 Craig Isle Apt. 719
Millsmouth, SC 94194",LightSkyBlue,31.79411485321758,10.859052031751329,37.32254629456562,3.5007620096695846,418.9975535209156
lance88@briggs.com,"16001 Wilkins Island Suite 852
Jonathanfort, AL 88541-7817",FireBrick,32.66982112477943,12.085982596185563,36.1357808307531,3.8832567029922154,510.3350142045235
connorlambert@yahoo.com,"931 Andrews Heights
South Shelley, NV 21850",Khaki,31.83925095059526,12.117090426724875,37.261548050589894,3.4030713521794174,463.39704899879064
carolfarley@gmail.com,"51173 Curtis Cliff Apt. 727
Ramoston, DE 32714-4579",SlateBlue,32.994248381502395,10.453888178291034,36.03464826424873,2.869083673986721,404.90250673357247
francesjohnson@lee.com,"577 Peters Turnpike
Loriport, MA 60572-1669",Aquamarine,32.71657884737978,11.9530173094258,35.71894878253014,2.1501750701455458,386.4519259700042
francisgeorge@thomas.org,"27563 Vincent Lake
Allenchester, DC 22159",Teal,33.91118619769891,11.879154951122883,38.30187913662597,2.9377460576165566,461.3328784097025
wellsjuan@schroeder.com,"0338 Francis Junction
Lake Alexstad, NH 14302",Green,31.893678101598223,11.28890895168846,35.70721272002643,3.722434559070012,446.59763724003045
victoria53@hotmail.com,"16329 Sara Neck Apt. 463
Bryanside, TX 62329",Pink,32.66454493739293,12.203596362061926,35.734861972206666,4.184694041115772,542.7506470942855
william28@gmail.com,"16763 Melissa Creek Suite 367
North Keithland, PW 29458",Cyan,32.94539296313242,11.512591959663892,36.96454075938793,2.470851011823444,396.18822001039433
rogersheather@hamilton-jensen.org,"510 Michele Port
East Angela, HI 23618",MintCream,33.7527802465847,13.082741164327203,36.31963360744335,1.941717232472493,444.40248964756574
charlesgutierrez@hotmail.com,"363 Kathleen Underpass
Ashleyside, PR 98964",MistyRose,33.55733017730814,13.645092142827528,36.90375806735785,3.4817121244006066,565.5912623593556
bethsullivan@reed.net,"80500 Mary Corners Apt. 225
Wallsville, ME 80526",Beige,34.31521334105764,11.23776994125752,38.7040074877338,2.1611003310423897,410.9950060402492
dbenson@simpson.net,"732 Heather Place
North Michael, VT 92527",DodgerBlue,30.59784680151862,11.299761999229585,37.1465233969293,4.030792190295371,445.7901981512399
salazarkaren@hotmail.com,"51173 Burton Wall Apt. 417
Prestonville, NY 37002",SteelBlue,31.869457691912466,10.322226746919943,36.8714261809993,3.536432401329292,391.703221163065
elizabethnunez@vasquez-nelson.net,"209 Andrew Viaduct
Port Anna, OR 01627-8037",Cornsilk,32.64045980918876,10.307203071590084,36.76279968633257,4.797278858280056,489.90483387093917
dominguezjacob@hotmail.com,"8594 Erica Manors Apt. 529
Lake Miguel, MH 10652-9266",CornflowerBlue,32.508628577949096,11.0188477441892,37.35002708266049,5.382568126874492,565.6418898687922
qgarcia@williams.com,"465 Kenneth Common Apt. 192
North Tracy, WI 36024-8978",Aqua,33.53977746413108,12.567606260675106,36.3590919664124,3.0970549859113308,487.9155144617085
haydenrebecca@gmail.com,"10022 Wilson Orchard Suite 107
Harrisstad, MH 99272",MintCream,33.86596017900051,13.5542159276226,38.2796119310749,3.1929897099303615,578.4541217378203
donald67@harrison.com,"9759 Tammy Skyway Apt. 171
Lake Debra, AS 95011",Lime,34.6825801239443,10.614112969903458,37.12419396925644,3.1807328830483876,471.4520157276705
david81@hotmail.com,"1576 Lane Shoal
Rogerton, PR 63867-3426",Thistle,33.52340731608913,11.679824900876474,37.303870682533194,4.477524459315058,564.9984967137267
ebrown@osborne.com,"4291 Nichols Fork Apt. 562
Thomaschester, SC 08938-8769",DarkSlateGray,31.999318404798736,12.931416809511992,36.96687134451353,6.19915735722396,654.8331477793524
amberchase@fowler.info,"1867 Gregory Isle Suite 022
Port Tammy, LA 52305-9696",GreenYellow,33.978830419236075,11.578402114478484,35.24384332990449,3.390980439077643,476.4442650316525
djohnson@hotmail.com,"5358 Stephen Parkway Suite 894
Kimview, MN 17436-4528",Coral,32.20084240328268,13.299241526187854,36.80243591131838,5.0638349623127565,614.3844248812045
awerner@manning.com,"407 Blake Ways
Port Davidland, WA 78438",Gray,33.083404270090206,11.69544508576414,37.78695606231646,2.7101790872256672,446.0438573270174
alejandro75@hotmail.com,"64475 Andre Club Apt. 795
Port Dannytown, PW 63227",Cyan,32.20484814368986,14.627787918592158,38.23675055934306,1.5347617944684107,454.7736444259719
casey21@johnson.com,"691 Johnson Field Apt. 510
Michaelville, VI 78140",SpringGreen,33.54459757416159,11.598789970271197,39.00610566958601,3.5905131586126005,515.4091213271206
william25@mcconnell.com,"9495 Mary Fall Apt. 777
Glassport, ND 17957-5596",Teal,33.08056327666534,11.853212404172806,37.707738962064916,2.756996108462028,425.92392560695646
whitetyler@anderson-avery.com,"4547 Stafford Throughway Apt. 178
North Patrick, MD 60768-4837",MidnightBlue,34.01733330666897,11.65383541088465,36.43068969556842,4.692113827445898,579.5825972294107
walkererica@scott.com,"86536 Barnes Track
South Kyle, MT 21570-5606",MediumAquaMarine,33.590348013544705,13.128890837020247,36.36688083548247,3.003303722525031,503.5448319951959
egomez@hotmail.com,"768 Riley Pine Apt. 624
Kellymouth, OK 98992-3108",MistyRose,33.609603663134656,12.239041687610552,37.238922819999495,2.848164771554571,474.6287307844591
vstafford@hotmail.com,"PSC 5723, Box 8159
APO AA 74738",Olive,31.515602859313223,13.39373559910385,38.68785851749217,2.2498927556807202,437.94405116298344
gonzaleskatie@gmail.com,"70129 Darrell Spring
Thomasmouth, HI 39319-2739",Moccasin,34.604387073255474,13.220727663564773,37.34008121806639,3.947977390147753,589.8722494773812
knelson@gmail.com,"6705 Miller Orchard Suite 186
Lake Shanestad, MO 75696-5051",RoyalBlue,29.55480867968855,10.83458554514187,37.40169899002662,4.0045028404268965,403.7786916557482
jgray@khan-allen.com,"1416 Rachel Crescent
West Laurieside, IL 81119-7229",Gold,32.75206428177347,10.068761910206673,38.3487312629437,3.125844522194776,392.0762445859145
drew27@ryan-thompson.com,"4475 Lopez Stravenue Apt. 690
Smithchester, NV 84347",PeachPuff,33.61772038460319,12.955388598212386,37.41733191324148,3.168307274647345,543.3777787719126
wevans@gmail.com,"222 Jason Park
Dominguezshire, NC 98241",Tan,31.57152955171446,13.340544464714167,36.34722108765183,4.316637704543874,546.0553520034711
kaitlyn78@chang.com,"978 Bean Square
Deanburgh, OR 95149",LimeGreen,32.11249207469275,11.880281138554963,39.313601786782165,1.5094572005725015,350.2481838851783
gregoryrussell@yahoo.com,"55436 Devon Plain
West Kendraberg, HI 18826-3623",Teal,32.39736719170886,10.60903303471485,37.966451931103975,3.436590307821834,417.74084528508547
aaron11@luna.com,"672 Jesus Roads Apt. 443
Thompsonland, WY 69228",LightSkyBlue,32.42800804938834,13.426723691910324,37.27163505283367,2.959106930321281,508.671643710177
david43@richards.com,"967 Andrew Spurs
Mathistown, CO 28230",Indigo,33.5813624149605,11.497315221726263,36.65945216346816,2.7202050162359974,438.44606528979216
ashleymoreno@gmail.com,"11430 Meza Green Suite 037
Martinezborough, FL 40624-8726",DarkViolet,31.656578093873662,12.338244545995941,37.099936663722175,3.954424877214805,469.72557182989533
walkererica@scott.com,"86536 Barnes Track
South Kyle, MT 21570-5606",MediumAquaMarine,33.66564426021612,13.189800621647745,36.34434963014671,3.0459471048891826,502.92602545799417
gstrong@hotmail.com,"7875 Landry Road Apt. 947
Brownshire, NC 10074-7735",Pink,34.07398740389465,13.579560601860585,36.80797194555167,3.532451165728305,619.9608790879847
bhill@pierce-kane.info,"3324 Branch Squares Suite 221
Riddleton, OK 34594",RoyalBlue,33.681409198514366,14.401362317303487,35.796990738922396,3.6163945396288004,632.9794622097992
stevenanderson@yahoo.com,"5401 Holt Corner Apt. 195
Hannahstad, NC 86693-3595",LightGreen,34.61685690697233,10.310387896142792,36.12119711505871,4.435529249417794,536.8658266319587
brian51@cook.info,"0508 Terrance Cliff
Rebekahtown, NC 48724-8308",SaddleBrown,31.54095297272166,10.729596901784891,38.87355004209337,1.3521933651567597,278.2026776401555
michaelferguson@torres-miles.net,"757 Amber Gateway Apt. 787
New Stephaniechester, OR 61576-6056",Sienna,34.07677271774106,13.153900065483988,38.82739382826909,3.145816478669354,557.2213339736237
autumn88@mendoza-mills.com,"214 Obrien Lakes Suite 572
South Jeremy, KS 52867-7617",MediumOrchid,32.10342788701305,12.512888743202023,35.54379558662189,3.3181501044234762,492.251777013056
lmunoz@yahoo.com,"2100 Austin Camp Apt. 943
Anthonymouth, WV 24243-3781",Olive,33.42176060858076,10.741956619851221,35.756340112162604,3.4109369362678197,440.2893329154663
williammoore@rose.com,"686 Baker Fords Suite 893
East John, IL 50171-9547",Brown,32.87273334696409,13.057541541016477,37.82665843807564,4.665486416541344,617.9394709623884
fuenteskathryn@schmidt-johnson.org,"839 Heather Cliff
South Blake, SC 90412",Cyan,33.639878893908126,11.464299888382783,37.01814995628436,3.847037672500081,505.4982795476302
tknapp@yahoo.com,"15810 Karl Plain
Davidville, TX 64072",MediumSpringGreen,32.03651156155239,12.110655488377548,37.6790623207063,3.7286980686667306,490.7832878493934
rskinner@johnson-jefferson.com,"24725 Neal Lock
Cynthiaville, NY 51578",OliveDrab,32.67548058819212,12.578068418858674,37.69163846719874,2.667140581715993,443.6751474683538
lucastaylor@yahoo.com,"63872 Chavez Lodge
Danielton, NJ 85847",MediumTurquoise,33.99019516404266,11.058594547715558,37.998174550151695,2.9879597043097434,438.59593392717596
middletonrenee@gmail.com,"71757 David Freeway Apt. 851
West Carriefurt, NC 27106-3364",DarkCyan,32.4275748746498,13.342292203657012,38.63798560165486,3.88782768989656,543.7709597334411
alicia28@fuller.com,"8055 Robinson Brooks Apt. 657
Walterview, KY 83019",CadetBlue,32.00295800692869,11.496431075877284,39.23921480192866,3.4921914722291625,449.2585451939668
turnerryan@hotmail.com,"770 Lewis Pike Apt. 869
Phelpsport, PA 93969-4887",LightSkyBlue,33.99267773045895,12.45504796889513,35.10131696163829,4.086213012849698,578.8572834213993
sarahtran@dixon.com,"770 Katie Walk Apt. 585
Port David, MN 52850",GoldenRod,35.0629961991942,11.935247493595844,35.78609112837096,3.3162323485520697,538.0127159102151
aaron11@luna.com,"672 Jesus Roads Apt. 443
Thompsonland, WY 69228",LightSkyBlue,32.433119043391976,13.43854198533498,37.21034302895263,2.891049158759263,504.8613479841743
edwardbrown@yahoo.com,"2971 Angela Island
Lake Timothychester, NE 48734-6685",HotPink,33.14988187092631,12.195327717364325,37.089781563430336,5.832536616112124,661.7229785880394
jenniferking@hess.net,"06939 Jones Neck
Mariaview, VT 87641",BlueViolet,31.40242455115015,10.951872111996634,38.14106268532042,3.4325667397131494,416.78140679916896
ethomas@yahoo.com,"1279 Douglas Mountains
Port Christopherberg, RI 32811-8325",LightGreen,33.69317539675809,11.249297554432207,35.47669358333146,3.985595419364898,508.29328583568685
zscott@wright.com,"9909 Hoffman Ranch Suite 195
Scotthaven, SC 53575",PeachPuff,35.5536759303975,12.098687346976893,38.157428731424005,4.055926397484808,593.499816296575
elizabeth61@berg-braun.com,"649 King Extension
North April, NY 54175",Lavender,32.73215270489756,13.251862739773372,35.886726598649204,1.7713080209342829,442.1867925648277
rileyalejandro@gmail.com,"Unit 1475 Box 4215
DPO AE 39546-5591",LightSteelBlue,32.141443219149956,10.068858766890308,37.24510800436747,3.6411243952614596,395.17200253698905
kristina69@gmail.com,"2859 Rodriguez Forks
Port Josephtown, OH 13591-3011",BlueViolet,32.5207252452025,12.386300662644837,38.91878367880934,4.968680462538294,574.0130321746618
david47@hotmail.com,"37216 Krista Drives
West Andrew, DE 70036",DarkKhaki,32.40302809278821,12.702380733961016,35.180752872568924,3.4987469493223617,509.93828868862414
steven00@combs.com,"64460 Morris Fords
Gonzalesmouth, MI 40832",RosyBrown,33.52312246467013,12.996231385695893,37.93986590140477,3.490209464740147,546.4499713709313
ashleychristopher@gmail.com,"9271 Christopher Prairie
Douglasshire, NM 18581",MediumOrchid,34.61241729655437,11.256247825672428,36.43105042250683,2.475986861200227,434.80376103897106
hoganrichard@george.com,"4929 Michelle Grove
Lake Alexis, MT 92147-1660",BlanchedAlmond,33.79461344770789,11.138257771968183,38.383940963025026,4.626525848909579,555.5362821609957
dbenson@simpson.net,"732 Heather Place
North Michael, VT 92527",DodgerBlue,30.637976972055927,11.325155129039818,37.087127217200475,4.089600226325765,444.2366130762935
sharper@yahoo.com,"239 Bush Fall Apt. 906
Riveraville, KY 88906-3319",SandyBrown,34.35314079272504,13.491133710013909,37.28600623584356,3.6465268278974587,588.912377432543
sandraharrison@bailey-gordon.net,"7835 Rogers Roads
East Amberhaven, MI 70835-2286",LightSeaGreen,32.90964621133521,12.081899766624542,37.03702197602731,3.5282573044866212,496.93367473050665
richard35@hale-duncan.net,"33940 Craig Throughway Apt. 334
Martinview, IL 62015-0314",GhostWhite,31.482547650014943,12.920358878322983,37.85233718156759,3.4479869955411298,482.8924602478386
christopher20@gmail.com,"USNV Fuller
FPO AE 32122-5711",Snow,32.02059798692908,13.408656226421247,36.07127649708004,2.3115162155716096,448.1869595354354
john96@chan-anderson.biz,"04290 Barron Square
Laurenmouth, AS 79917-9544",Snow,33.090422845454675,13.058361124314905,37.33038160172013,5.377496049115239,658.3748411510016
salazarkaren@hotmail.com,"51173 Burton Wall Apt. 417
Prestonville, NY 37002",SteelBlue,31.84848085358676,10.251017887982306,36.958123791646074,3.4806393719175084,399.32668522758144
samuel94@hotmail.com,"5480 Vazquez Crossing Suite 825
East Christopherland, PA 42104",DarkViolet,33.35715829796035,12.62000564040977,38.23468017925051,3.851640248574294,528.8062969154992
rskinner@johnson-jefferson.com,"24725 Neal Lock
Cynthiaville, NY 51578",OliveDrab,32.65609367894643,12.641177834767486,37.75198593636695,2.6020446751804873,451.0707352173094
dbenson@simpson.net,"732 Heather Place
North Michael, VT 92527",DodgerBlue,30.56708680406719,11.400457739340188,36.89503061408864,4.090900603374813,442.4248005795307
cohensean@yahoo.com,"3751 Green Loaf
New Julia, VT 20897",DarkCyan,33.35160186377666,12.014325635961422,36.137839615191034,2.2751525380062096,427.76786306323066
walkererica@scott.com,"86536 Barnes Track
South Kyle, MT 21570-5606",MediumAquaMarine,33.616607641829056,13.071279796933743,36.43218465094847,3.06419181299414,505.89762963391956
kiarakim@harris.org,"1502 Gonzalez Throughway
Kathrynchester, FM 86014-7194",Linen,32.99793295867273,10.869709267564291,37.616173928106015,3.7864021608414857,475.1353206152122
zachary94@gmail.com,"99902 Scott Road
Joyton, MT 46760-7400",Purple,31.336991008039014,11.68781361161018,38.605617585062824,3.5397222539785496,465.8588716150805
jeremy00@yahoo.com,"45442 Barber Key Apt. 882
South Jaclyn, NM 24367-3001",FloralWhite,33.52875370484829,12.132200168129469,36.5700624771568,5.459797410212727,634.4758121400882
samuel46@love-west.net,"544 Alexander Heights Suite 768
North Johnview, MT 57912",LightSeaGreen,32.591414920470946,13.957400821917426,37.19940105316646,3.9427170928057547,602.5466625124179
archeremily@baldwin.com,"USCGC Hernandez
FPO AE 53064",YellowGreen,31.30277838777133,13.284183752745454,36.91096712813308,2.298239084666147,418.06837866821985
sharper@yahoo.com,"239 Bush Fall Apt. 906
Riveraville, KY 88906-3319",SandyBrown,34.33519954740565,13.453502355264849,37.24852034367766,3.6252018956331042,587.6568845070367
lawrencewalton@hotmail.com,"584 Patterson Falls
West Alicia, DE 45751",Chocolate,32.237973157881626,12.18145612133288,37.00443523775604,2.8926399981895607,438.4345765829524
katherinegray@yahoo.com,"685 Sexton Ranch Suite 125
Lake Robertshire, NE 04469-3024",Cyan,31.20043164549375,12.320607907307389,35.63828233635896,4.275194643279272,489.3302205324244
dblair@gmail.com,"190 Kelley Burg
West Juliaport, IA 35826-8163",MediumSlateBlue,34.0770111517758,8.473952822819788,35.383299297978695,1.8321598864666617,302.82486401154597
jenniferbarnett@gmail.com,"0772 Michael Isle Suite 617
Meyerstown, WA 45449-6768",SeaGreen,33.239448152367544,12.252717575265677,36.18723300662897,3.0223511474137275,501.66822870582104
david28@wallace-hill.org,"43382 Heather Meadows
New Lisaburgh, WI 19151-0302",LightBlue,33.41168344173831,12.707328159854047,35.5737429658966,3.6902070976467862,525.4549799152232
