Avg. Session Length,Time on App,Time on Website,Length of Membership,Yearly Amount Spent
32.483570765056164,19.630887737658206,29.795488056102016,3.7783610761666377,1343.9777017815359
29.308678494144075,24.547083202350652,26.472435780389382,2.4488142836714664,1347.3534806686625
33.23844269050346,8.007162130904295,20.41741258944122,2.181801116577693,924.6218958120716
37.61514928204013,17.814846183452854,15.471442556060982,2.996625542589048,1139.0207446260924
28.829233126383322,11.746787154390866,24.88756319529513,2.8298153774750716,986.7552502576405
28.8293152152541,12.56437308117652,22.754397697952246,2.5467719506727247,1067.9644231341836
37.896064077536955,12.038030378805654,26.266352540194127,3.6963874474567153,1224.6684336462074
33.837173645764544,10.68004615160092,24.446202611773785,3.9553052085705107,1096.4704233699763
27.65262807032524,15.242608139724135,27.346869007235348,3.0884068862918475,1217.195968616641
32.712800217929825,10.84524941794481,16.253353519076025,4.477530081055262,1069.0377026373208
27.682911535937688,16.352284128899193,29.22175845944028,1.858310885866495,1117.5725081865112
27.671351232148716,14.748809452754315,21.383197232846797,2.806340540720282,1038.4916371625732
31.20981135783017,13.805259765667952,34.52682610837686,2.283177679397195,1236.1439134098646
20.43359877671101,10.462181689792011,15.175685273373025,1.13346338292694,728.2236470959107
21.375410837434835,12.116143347158337,32.15174662215674,2.9173193141573006,1167.3464961711725
27.188562353795135,18.77695612912878,21.385375484238534,2.8782524916167165,1144.8616461939664
24.93584439832788,17.504585938121902,15.440073974698862,4.5134497432421306,1053.2290225979332
31.571236662976368,10.112223776007244,16.612799161619748,3.6308116845547778,875.8800618905104
25.459879622393945,15.496661527146129,17.75756884263976,1.975813175670795,1021.9408561870433
22.938481493323543,18.756935616858947,22.969161624813417,4.854092566334188,1132.7208088899677
37.32824384460777,6.652973594393142,23.659848416248497,4.221033695525353,1090.8672789567452
28.871118497567323,17.716800961899676,15.984099972429947,3.582097703468616,1104.140481802084
30.33764102343962,11.686881205270767,19.82951785417312,2.773515901150168,1085.795208978846
22.87625906893272,17.852993342965796,34.99589251028304,2.0405607632765204,1206.5366481452286
27.278086377374088,11.183704217287415,32.09280219070498,2.627793223928947,1005.7051699068909
30.55461294854933,5.975589496677404,23.054265687718225,4.088748619704186,1002.726840563625
24.245032112888488,6.862287810584187,20.266024347177403,4.884586305934609,1020.2495908018107
31.87849009172836,15.24042473330691,20.84021928702783,4.543243528272189,1234.4413083839768
26.996806550405974,16.29861250860741,24.294625809112915,2.511150578213726,1146.1771909230447
28.541531251033618,10.478416874477958,12.840452043611162,1.8803825667109888,819.4200983737901
26.991466938853016,18.19296229388687,18.198364238036586,3.140886246911204,1141.332096076018
39.26139092254469,6.6923996886552,8.319911482856874,1.2315606344371484,739.530084289295
29.93251387631033,14.669601006763417,22.794561858236953,3.3231677141847813,1158.1485066652804
24.711445355220498,8.944919001187717,24.530371577919187,2.8523974137013313,1004.8138376141185
34.11272456051594,11.740819460989204,16.61769476390438,2.5339634981317576,1054.238456602406
23.895781750144888,15.23699335658207,31.01790734303023,1.4052969327332046,1289.1082047060938
31.044317975023777,10.697933173580239,11.419640358983612,3.5136001065697164,920.7252501626266
20.201649380601122,13.077222278850874,9.74937583853126,2.4672991603380887,758.3723704857653
23.359069755507846,20.0314640460722,21.571162729919806,1.830083164289712,1111.4111987444112
30.984306179345616,12.115540652384256,27.329688118285084,0.12773778671835068,977.4775349725121
33.69233289997705,19.17846056032571,31.78749384020508,2.9724850949493637,1351.7438441033892
30.85684140594985,9.35146572671191,16.78781015991742,4.772251596669744,970.1183069869351
29.421758588058797,17.649020889576413,27.550765834019067,4.66125921454787,1274.0928477221087
28.494481522053555,22.207843103289502,19.73044071349505,2.5429037434137283,1208.963143892849
22.607390048162863,2.6417774993635526,18.791608900414264,2.3977879396382193,691.5962255451502
26.400778958026457,11.015523722647616,26.185619562406707,3.4687742560750237,1137.2173185177917
27.696806145201062,17.8853606359027,24.56626014889394,2.0016145608117086,1163.2279664737346
35.285611131094576,13.984773069785037,8.965254901110255,3.3017918998194657,965.6191371609536
31.71809144784231,16.855729366856544,30.335782448081268,3.76608027838469,1305.9199110626678
21.18479922318633,11.980074066420897,29.660639479032163,4.226933223884307,1130.9265966552418
31.620419846973974,15.4329489373645,15.621061089433294,2.899845923520047,1087.4293844975123
28.074588597918417,14.221613823039602,22.77062473406186,2.796326249823034,1047.2708101600501
26.615389998470206,20.838910308299035,23.458211303979173,2.122017413243439,1165.5599736539107
33.058381444204336,16.272104216506065,21.82471636076735,2.17311964596014,1133.4039321236462
35.154997612479754,16.68801331037601,16.14786392308206,2.7735211080984734,1043.440288247842
34.65640059558099,12.940615169387662,15.298636424433639,3.367365506816178,994.9139279284782
25.803912383886807,12.561968879637533,19.82112150305988,3.9135846262332494,1000.1918190872815
28.453938120743928,12.837209060901895,28.209103134815553,2.196821049319655,1174.0441999629365
31.65631715701782,16.972260711891483,23.805201082161027,4.4926885689595215,1260.995125559305
34.877725635611796,12.895077595898686,17.40569967539726,2.728876398957431,1059.3100909421507
27.60412881077355,16.448874284482066,25.401890974538414,2.978632705651564,1217.9510176933986
29.071705116680914,25.377003993227195,0.060201655589473546,2.2527883208521766,959.8752160707907
24.46832512996986,19.355623517158463,28.041359902604725,0.5757597397270584,1189.212154870195
24.018966879596647,13.369882339160794,7.822003548553303,3.8840453963610497,836.2776430516886
34.06262911197099,21.006069610819722,17.462913410178075,3.7368438970924336,1248.06481887153
36.78120014285412,12.959623134892244,12.162310737616993,2.7186724428817866,961.8613655965154
29.63994939209833,4.809377324110731,10.937229669953659,3.066990717224872,626.7143490554275
35.01766448946012,9.95956844541298,28.125787511649634,3.5159392177040996,1170.019044899413
31.80818012523817,5.646040394870722,16.72609159081676,1.4374541431134573,896.1550141104483
26.77440122697438,13.242432579793457,22.42552717211501,2.4709473226537053,1089.4147612390286
31.80697802754207,15.092091895947759,19.67155594784571,3.7942646796218273,1177.0827720302748
37.690182832329846,23.382186561376415,23.33928579056185,1.7457105768307506,1408.8126998044877
29.820869804450243,16.634636868820813,20.53775323742179,3.293557932166629,1142.2073514953163
37.82321827907003,13.904497355955678,11.019054430680013,1.643418195376595,980.7762776015917
16.901274479551276,19.147027905917447,26.973867736129982,3.4664299824335263,1129.6716236570996
34.10951252187612,3.944323454960575,16.54370391787081,2.9643585177025162,841.264265815758
30.435235341190857,16.178072790542828,9.103926709381742,1.3848681840944905,936.8073128748831
28.504963247670663,18.854325969434832,17.00319387323861,4.164739354457171,1202.3204624561386
30.45880388267751,7.607068771100792,30.50531853444018,2.2654084232019507,1075.2991311774024
20.062155426995538,20.718770216034645,25.951552194794452,2.189747562985619,1147.4532051595631
28.90164056081244,16.69248203747207,17.559435059144985,3.200569197230943,1082.3010461044987
31.78556285755873,12.923560430495993,17.555196069771,4.148637349428715,1094.1742361613894
37.38947022370758,18.163909330531425,17.74855464147832,1.984178181021603,1090.7338130938501
27.40864890863176,26.35346428902198,34.537235884925884,3.061679849847972,1396.255660979223
25.95753198553406,15.909331275292477,22.673548165620872,3.428816500330573,1093.2028203808413
27.491214782077318,16.24110293150168,23.010291530337486,3.693105607263144,1094.6461263280555
34.57701058851037,12.70319550229878,27.211984178222895,3.176441555277225,1177.9000153803738
31.643755548298422,10.750778152676041,21.671524113185594,2.632972160916678,1028.1261291209157
27.351198981164806,19.151679082721227,18.18670497925508,2.1724097793512804,1071.8560190842866
32.56633716556678,10.719580870455664,18.62555105640515,3.0861438830463745,1084.6459481257866
30.4853877467402,15.357831186096963,19.498791184101552,1.927860988014393,1078.6654368214124
34.84322495266444,12.611712766174417,19.73944434443111,0.07864951650539265,1014.1413734923027
26.489734530613237,17.39489912873196,25.09340680545886,3.436559804157668,1223.4035812895543
28.361689267011158,16.66831052643474,20.363621200651096,3.9039348410861954,1082.6138105521204
28.039459234339212,20.187699721289498,25.128480540509052,0.6370675644581616,1232.143411181576
22.682425259339407,12.449918005726264,19.434983939239924,1.9902692952900625,923.2672363284472
31.48060138532288,13.650625323533143,20.550446332212633,3.619154261005198,1138.173873999298
31.305276360899448,10.106181421088463,6.012595208275247,5.057495469711698,803.4973225942356
30.025567283212304,12.778533699619441,26.41429372291737,3.020793707675408,1064.9766255977315
28.827064333124266,16.88650246522426,22.425419331285948,2.2719970587708653,1171.4363772693946
22.92314628974793,18.78494308322676,26.986070769017566,2.81710355889516,1213.054969169009
27.896773386173205,10.389173379111874,-0.2737876473558245,4.374876419148185,668.7881015902021
28.286427417366152,19.3480296005283,34.61862293346509,2.3540358208754646,1316.242130748733
25.988613653891903,21.778189294024756,19.022872602913782,2.2008079933497466,1203.0889904843516
29.193571441669953,17.067174516118506,27.757279717162618,2.5172564778179676,1165.6855001876816
32.02025428407269,24.38397906279033,12.720658510121284,2.0466713917412878,1242.2257911633897
39.43092950605265,11.131054004482134,24.28941733543799,3.1226703159947955,1129.9207079291893
30.872889064159196,8.776726483442914,12.626091057784407,4.62467845846956,944.3147362117223
31.28775195361382,6.106398755478606,15.633617275129364,3.3230792731160292,852.7712081786824
29.627770421169163,22.480221557445915,33.3982194770675,2.7476464978737125,1459.444194006951
20.406143923504793,18.27182828177029,18.665223194656573,2.708188731084456,1003.5163146171265
29.867430622753915,14.722076645447725,21.52203011225806,1.436809191303343,1050.91092125585
30.301151049705133,16.399843131599102,26.09047411482128,3.883109777147159,1240.9047369355533
42.316210562426434,9.372554763508116,23.46977321580823,2.9221628029871978,1100.2153104320926
29.038195176094387,27.22875989808413,21.052932336005036,2.8195200864093746,1372.3779546259896
31.507736711668063,15.646105909876137,22.554727017263577,6.19310756784486,1226.4529392849236
29.826441151473784,15.546973973024464,36.823909096667926,3.298752908365686,1349.0951189092157
24.15660981190234,18.62883311949346,19.596668420764903,2.2482089499048157,1025.821586587085
35.7141140725751,17.405046158683568,21.407693327004772,2.5736424037944565,1075.4500529785623
33.75966516343387,16.119420121395656,27.354580772053282,4.148445709196755,1285.2057487889451
33.95515973521523,11.047627722773441,27.738681530705886,3.1132704105377647,1290.613258164988
25.453062726026303,17.357341785679978,28.30921213892266,1.5617220216826333,1212.3975201030828
37.013971554680495,24.41012248237517,24.471111554204292,3.9192289345752034,1442.0226875579092
22.990744686038596,21.727100230774887,11.998965610886614,2.331855914461006,1001.2450716125996
32.93428546900135,22.965933133196984,31.434020726107672,4.873297776217545,1507.494056172697
40.952278129049894,12.443921617844074,11.975582248869184,4.0800480657146485,1087.792345110618
25.04731837434656,10.051975898707095,22.118448256673233,2.5526781043412488,900.8291279325013
27.16851135198614,14.37106539950176,14.720069049864495,4.281016361735113,1064.054032843361
30.498256825438204,15.278624561443474,19.551031573849052,3.0678555105274032,1131.6252641788717
27.482621729419005,20.470957592354743,22.301336872124363,3.8527736751222195,1270.2579187622136
22.246682844669337,6.537676851425903,22.24950050815191,3.484732817294475,913.4286445568107
30.342814874030136,22.64775159730307,22.953445279646992,2.1536433450091264,1266.2749931160408
24.688481431369475,14.209960507105054,31.295978883410527,2.356450167682538,1204.860274535771
32.36796215317591,12.8655946502629,23.17474011059786,4.029960817581161,1179.1021474104887
25.402878828830985,9.939478123699162,18.29090355296546,2.665224667893459,889.4366085465276
37.7496720250877,6.725716640671154,26.748610178018502,2.5963515367580032,1062.4506631924726
26.083733538318814,19.115852919809573,28.32629342247248,2.0448774206506473,1234.4879324990857
28.38969241897162,15.366589835942019,11.406745294041052,3.423599065593461,1042.4888798617355
34.06758608684835,8.55019550129473,24.18180048894901,5.062524919243145,1064.3271720232124
23.845678417830225,8.52460613968192,24.908209196176287,1.9324670857457271,867.1697941993348
31.137299673020646,13.321076503549358,17.91705547648006,3.0242194566727583,1045.514984710403
36.53571377141214,23.345107626446964,29.629947693181336,4.412220555415429,1511.6195073960444
21.96258382719386,13.702043243181976,18.949610890772313,2.920358608754285,974.1887079783118
30.92316929266152,7.4842852344094695,20.879035174300796,3.452371796249734,987.8717390122335
31.299413971242117,13.771284679570279,18.78849723001291,1.9376064718531203,1017.2153731778736
33.909114358886555,13.636382151261648,20.10905333307027,3.4283070972076484,1190.796971456486
23.81524644560959,1.5155667852921422,12.326074391733588,2.812855734995451,557.6953891639803
23.397716934578618,14.728525667410938,9.919643821839939,3.985729995679863,855.4893886529876
32.60970782808449,13.84532734895661,31.161535442574806,4.187386051564751,1290.8855004380891
31.48492336616593,18.48103182406709,14.071270561771705,5.589563642018614,1081.0663972724267
31.252464251729382,24.244780474726724,13.06025355380585,3.5796331732135758,1191.9203302937199
31.732241047484877,20.632825147738785,4.926269204773996,3.3257963165821662,1086.7203492851004
26.599876392107547,13.655556547225848,15.527267766173484,3.194384301577336,968.8947648203128
31.161268485805017,9.467370456291649,10.73837144614751,2.6468337071893115,852.9757221777093
31.465362366493405,27.866799016249303,31.494106120954584,3.3384838434616912,1481.5474728494605
26.42824290986816,15.296092170072441,27.068719625398437,2.7045985898609706,1126.554954174962
39.328872555723784,15.069646459564732,15.182947583755933,3.168460976269614,1098.7198787767632
32.36916460455894,14.879374564449984,35.767050637410165,4.31759753560796,1371.4270681261685
24.043482513986756,15.990423803839274,26.87235840894116,1.9934574347203589,1187.2145901425697
33.28276804316915,14.278197940380288,17.726180315439642,4.139878561129045,1136.3652538410195
25.126591648863393,12.131689965598818,2.50415999588499,4.3171150673398655,705.4026699122295
33.93542301871226,12.265705293798039,36.03659800813519,2.881931473008921,1324.0004892969791
35.79297789503702,14.836233648920008,10.272992732654828,0.8781451009914054,960.0047833731741
25.89658840824145,12.282876144331176,8.482208771301757,2.3921780129055676,860.6293308517947
34.816880646221605,11.435771086614178,27.15799302406748,4.296994546561109,1292.1909942807638
32.063904634682494,15.532151138459485,37.07826684437491,2.977131937701118,1326.0153203212785
34.11030079997245,13.725113912895724,29.68990972957363,2.0006977677050894,1180.4319896718791
39.48396491326974,22.519964942913443,23.947363840366517,2.4952250787717825,1316.4272650138867
28.773059419985646,1.745150958034941,24.163280391657,3.840620026504553,888.6004270751978
26.23131917821255,20.45753425961231,25.973908911462154,3.5467335682013794,1290.792436414662
25.552427851872384,21.230425962488145,25.312500128507356,2.7610679008303056,1292.0190625504613
25.920948575172808,4.633048837959253,21.96833996778563,2.6331755881853125,856.593278491131
29.614491452929478,13.286562029598256,20.729407727663133,2.608241850956178,1035.07215040215
31.70575987408322,13.142795670021043,19.561848104703344,2.0775898155014976,1043.2568277892851
31.383453996650097,7.962441526410894,14.722247877933267,4.615375689469442,890.6212142663
34.13591624518012,11.110916562045624,18.03527446193258,2.67767953078866,1118.913932630101
30.065009459389536,9.447120772670857,8.149302300632302,4.217158520825496,757.9637488256591
37.26767038578659,23.761352217118116,19.31162261243675,4.521316051922451,1382.454597889239
28.67671583381022,19.678391965737305,13.079862249943577,3.9983108981479605,1197.662569307923
43.600845832948096,21.357775474970794,12.274874779489604,2.5683796872819515,1224.6784723676992
33.128336738825034,18.608360320216175,21.25925905807435,3.4037300903366097,1214.9494106237125
25.714212217918586,9.354741143913854,29.744016004412195,2.9758043936090837,1061.799045791397
24.64553750969444,12.377398668601131,26.42821624201619,2.096298139269872,1044.2959521891858
32.41236207621593,17.44687280613959,9.006495774637761,3.3243592817216028,1076.531715689992
28.882686073370746,8.889360955540273,13.072603044007638,1.8209602088401975,706.738836203358
33.57000247046046,18.56499215086194,26.585398315917512,4.1876793884615635,1408.082909179269
32.366188122867726,13.798373009209325,13.122588245231832,2.535382702701607,901.3317885498822
29.635855436715637,13.125895962252013,18.427567950020826,3.2011596558728392,1017.9921660769736
25.766031409657977,18.554799841017456,23.850364693171862,3.283287871546142,1163.5481964459582
22.425763876570677,17.2213165574302,13.221588815954552,2.741095026295923,978.6683164310427
27.767425239664895,13.1951691709046,20.73762854302172,3.586693801475275,980.3366604101375
34.28199397161736,20.79664901682124,10.66182153557257,2.5250963433774753,1117.5417666916085
31.07046872065102,9.594683362000513,15.790426492341505,3.871297297457244,1056.809151919703
23.771306106440058,18.07967803472132,22.23847353899776,1.6540203197532515,1014.3456342067502
30.86590462925591,17.96550628984192,8.849043865278315,3.1263795795464118,1003.9815258354843
31.926586898644185,13.452267803430049,23.083323165722792,4.938928999058285,1149.6298336228028
25.580712818994336,16.63066511121059,19.86253540751323,1.9996686753944253,1067.6428820983383
30.76862552972764,8.744432118073485,23.867429680920033,2.3222550294751487,1011.2113826275886
30.29104359223,19.620135096034506,21.56739893845263,3.513907849658915,1192.1670119573312
24.285148510846884,14.075489317785054,29.548983009816908,3.179581781939598,1187.3770843131654
31.788936801741418,12.386384897404803,20.87657151853535,3.3506300992735594,1169.5019472110844
32.803922631841175,20.245046129184445,16.99416121212323,3.4891871301476636,1182.9829914020138
35.41525621587638,11.478281547286205,20.856082521225986,3.6347214685617697,1141.5889720871398
35.26901026017451,7.957693518182202,23.803086203254715,4.109699841956223,1027.5176133793384
23.111653160214544,7.216854132380481,20.34202049227993,3.4098186569285125,835.0566625009089
25.310874800424386,18.030049756728197,20.28414183842718,2.7587423453814575,1124.3544549706783
32.5751763360433,8.597853237518585,15.086058185352712,3.6725737012027313,1008.3827133539755
32.56892975456105,23.77397090992182,15.359693577143362,4.899881934895216,1296.3412448873369
32.57523843153024,4.59035296058139,10.181763097402145,2.8673662536174263,740.6539760703274
49.26365745327361,23.48228184145019,32.247037202308576,2.0254706953293584,1606.716460527417
32.85445255346583,16.05508733601309,11.292957352261004,4.107080669286972,979.7326659189586
35.677828200902994,14.516434440648037,15.149663615428649,2.8796188360464017,1090.9662564525809
34.770008817466014,12.275404565955252,14.97114914101562,0.8273304539859638,986.7119833447489
33.25695625652899,16.995680571760353,26.264470638611087,3.8474216771504217,1259.2683672525218
28.42365377679827,14.811826487875758,17.935352251955806,2.4646718140460773,999.9413983382422
33.79484610246634,20.516509410082605,28.734194508716136,2.9094667176958393,1379.8694798705353
26.13587392731214,15.571138243310198,15.28556563029292,3.3319803305690145,980.1884117087598
28.815906966299956,15.751508807309389,21.952959135566616,3.1904996797790663,1124.8919925047676
27.573182260854484,13.18193893893072,14.1525706271817,3.7094518171390396,1067.9288047673817
30.409370696931614,14.715271881394663,35.01604389441372,2.5645136294301567,1288.22392685902
41.573292833367546,16.539008844460295,11.68681106679341,3.513105798176083,1109.2914375690038
20.66367403704126,6.449158036716872,22.16874497158919,2.7404533224160827,817.9875850693123
33.431300951872565,8.259072889471435,24.436438166524688,3.738810480887503,1115.4149528076466
21.936420644051744,18.716320470113576,22.896593682160486,3.6153674840130536,1136.5393369346828
27.640340671052833,15.85432719063971,18.702986387856043,2.0645612979554047,1003.5029333637539
35.44475298483683,14.080083318236603,19.091255101866018,4.085982116175032,1211.0626878399921
30.321400095477316,15.092169665326965,20.306680303853767,2.464036554885952,1154.5588456913795
24.61127611035347,16.737908526808354,18.970985988600578,3.808057798281145,1049.6562771302094
26.42348145370016,12.301201598453193,26.747153817564367,3.3672873134013406,1019.1577756035402
33.39798874467338,11.108476372988436,35.473661011139455,4.838183676795122,1383.775524869294
26.34816684141432,15.979226275488408,16.097557504945165,2.7765340176281477,973.594085738933
31.082292947909874,10.10813611192484,10.411379142946455,2.6506832038818025,888.2081149363847
30.22785919951907,17.041263778572358,19.382025661541217,2.9805803941122675,1024.7464734275325
26.741998261970913,6.487081978810798,38.05796536358023,2.6968202171657247,1193.5655760795657
40.719720446626624,20.14577818662822,14.374278024211884,3.79994190194205,1179.1665991562315
33.169595111590056,17.362987412065216,31.47381763810847,1.383689391563412,1329.1118516290605
19.874287066711965,16.28014867156938,31.743905698535084,1.946317580853646,1159.6076103939647
30.93227157384714,19.91345491972757,16.124882308044036,1.932197078420807,1059.7339901364753
26.69106767615806,23.32737222231288,23.982881554296927,3.9503075919735755,1291.3587566351605
34.26216667398112,20.07185032509065,31.398776361899767,4.710613372581925,1490.6746426954135
26.037396307836495,5.795628843341774,17.34610581308759,2.8955507814625285,828.6393732411518
29.426317792665504,8.602115166321493,18.574937479283467,2.8311782768099896,959.0855407702609
32.524936394902284,11.875907111521606,15.928233602359494,3.070052163113181,1092.614604334017
34.32877597085061,15.130455251054169,12.896702885149931,4.161878302608191,985.9916764995315
23.998517964721117,17.588295102345615,15.45505718453795,2.0726468658094257,1066.6169741849067
28.327493820795258,11.371280934232672,11.432418132664203,3.238368982734785,884.5556952407733
27.62527344419522,15.933833822385392,20.23858427781458,3.97519762978243,1072.8249015341953
26.73335383713144,11.223085338233387,14.610187382589508,3.5010941699398455,849.4651996860705
38.82727120140548,11.942410985040258,21.636501382535233,3.189581616598743,1137.899881411999
32.024908554804774,7.966694515758888,9.108730476574609,4.001046092567141,882.3278213850818
23.695580228324772,10.383833769445479,22.3161616255012,0.2967677070007628,881.9004772458215
34.58930973527388,8.241576971918331,25.834702731262475,3.6778753195309077,1184.1391838583372
40.610780985063165,10.120633735113337,6.043850501999811,2.3459243168725763,796.9971870864949
35.16232630275574,20.268208983039198,22.618395988933006,1.169367103143543,1230.7399482243402
22.403150170229935,10.253005555840286,28.593682947313045,3.5112025995249807,1000.7132627938943
27.578829635668743,28.161910324186955,11.532512869161561,4.373658545162957,1261.405546363987
36.334555745933116,17.466589504404446,31.708006707863923,2.862551485372308,1418.5183622314132
26.461652671906094,15.92418061847437,22.933133065562316,3.952874547202939,1124.6452818040186
32.219097140731144,10.708211099093933,15.064917009691138,4.612278257988645,870.4866034428599
33.87317026714668,18.501549397044958,19.609616456396058,4.314914453584048,1242.3017784056528
25.365347642109583,12.121810868811131,23.908288387652057,4.639964529371393,1115.7498830799166
29.702373219691,15.610049073226808,20.53203773988688,3.7421274910718925,1149.683842239991
13.793663299654636,27.800422691343975,23.771291947124585,3.075433638901593,1304.5665847884502
24.878061793328552,14.51970050137675,13.555284848444437,1.3980341881028315,830.8922423481196
28.7371592430342,20.74636663142838,21.185525768252546,2.7539375118700513,1236.7107422113218
23.761084090175753,11.484117874370563,10.103998521665138,2.1567534046838084,843.1811539785589
38.16205651965818,14.825057547515192,19.221417570559097,5.170942717497814,1132.6418820298807
22.849293110196836,23.85400317817755,13.672646509746471,2.8241141875676634,1111.3687092346952
27.799777566515083,11.865164711061162,14.851290401871633,3.1232048067844858,906.5575785675996
30.653702886430455,24.062242789984644,28.652652226473062,3.5514853760404677,1420.0400956872254
37.20636644533058,18.538759677277376,27.639170844159885,3.0436024463724536,1366.1183182293419
22.8206892441028,12.187666120528661,24.26396684635024,4.695051040430753,1052.4098205540997
35.815818760774796,18.162038695277605,12.353810647291947,2.377350638265548,1044.241236412565
30.051165305097935,19.86277224813365,17.785140852136387,3.1946074552372425,1162.0900553272165
25.092456744760245,18.10904981108598,28.491683899854284,2.2575294143019518,1153.8444076530548
32.31051737131635,7.148876400547718,20.992018395479334,1.6799774887792942,877.0710458754274
30.99529847786735,11.364314120875658,36.23530677987186,2.3882309090947147,1286.3844603149312
26.998915614206027,13.762406822242475,22.7532248757606,2.9629632029515878,1017.9848600539336
30.349010424950094,14.627832854499768,21.34434381543022,2.5706977754827403,1126.6484768808925
28.0734320156912,18.103360487753392,17.83618475058249,2.307579020126144,1102.701236417199
30.56758672625624,15.88850500466627,20.934786333475977,1.5936825363281661,998.9879020083425
33.31065337260523,8.323278206449494,18.932711145336192,2.916894427371305,937.1913652394414
37.93008408072676,16.900989255029817,24.956760736820133,1.4952796259689978,1296.2358958916045
23.810922505865754,18.052928726419115,26.696916217562087,3.7600559636896027,1163.364945204175
40.665166873281336,17.7989522396552,14.498073776444354,3.082439752934503,1149.3547996451484
20.23956100238749,20.403903627773108,10.681369325095554,1.5424485005350694,940.0707221344173
29.241074524822082,19.16961077274452,7.146562388276925,2.6907909229501366,1002.894649679899
32.94158603242288,17.295900396142184,23.555939288387805,2.247843594409417,1183.5313211029472
31.404959338675162,14.649171442706765,12.276433756782884,3.3191745104191805,960.8792541706234
26.88650240089703,6.6951953324200435,4.92976584933262,4.340450446023144,778.04742486298
28.959388748213623,17.148091095662927,22.720050231716748,1.1248275303542554,1194.0462719716527
27.534995326705836,16.038438435815557,37.450996622029535,3.1150260791474174,1400.2773562273248
27.053176215278942,16.357894185976868,19.95750361922075,2.8398672044333595,1086.51412342189
34.24801048510513,8.616257120898453,25.869435421161494,3.671340076450466,1072.5736947979103
31.785077429825236,9.594717297958688,20.572805509832953,3.2131966282376894,973.2108814242229
26.535452023696728,20.26576426666452,19.307772427662,2.248030668261181,1153.853017296311
34.49799937716625,14.802224230716725,26.43353538091438,2.680946064333382,1238.8758020741484
31.536497604383047,18.40750348686312,17.968078190679442,2.203974143196511,1189.2353725845012
34.0643105941948,15.141591880652307,21.87174619850332,4.076007138598598,1226.3538553173087
33.14814420961806,15.148780697478726,22.251884643372094,3.0213116486719422,1083.7206600685038
25.855024945389637,19.691419029879988,15.32336682449866,4.901190685753008,1181.8622338777122
27.199094799015153,12.419776358913131,26.944296446755658,2.939339186185379,1062.8280660895896
33.73646802561631,15.480603884704918,18.77528170313214,2.291593233089537,1078.1552168923122
33.05185132716733,12.688623556474788,14.709783883550088,1.4862856073871729,962.0363211886204
29.89549203017926,12.827518862838422,23.755568904992824,1.196860323744055,1147.5280153349734
30.58663691654391,13.454139382656804,13.71072412746274,1.4158640569945102,1078.5818682406195
36.388324478942124,16.110668858168566,20.197268101583898,3.2671266510114836,1217.4055959637049
27.04214305582085,12.606256891682612,19.936167023490576,3.5087250232299336,1017.6909935050979
32.73548690585019,21.278780627867604,27.601268960821045,1.4188092979678666,1336.2390773912332
28.98903673783053,10.526963488902481,23.32288763015967,3.8950383140761153,1111.5068723247252
28.9115939838639,14.065641779193205,19.82481128878399,2.5169389483165605,1027.2757319259001
35.49388425993595,12.801344708629125,25.72436409440201,3.146793011985549,1280.995556343155
34.12708174494015,22.234889421768663,29.731452843121193,4.612220628255424,1481.8105553388255
34.06754818000319,15.982773882557874,23.904672144463035,3.896839315865532,1260.6933755486707
36.52739403577164,20.159222697343175,20.072468338903665,2.7314693520941677,1284.7857125536832
30.105019208163796,7.572198134815141,10.817146373548884,2.1088077745847125,799.0949141494382
33.40976485647482,16.335251329346296,12.544204358472392,0.8481845986706951,1016.3583035123614
28.44866621703272,19.448153978117183,17.86342706951733,2.28084668075758,1078.9638888708118
31.62083176244221,15.411419946377121,15.733414584885018,2.7888697611723057,1016.1889404631074
29.349284728161578,20.327401875326757,18.691200879101878,2.012820472848816,1085.7858005115588
30.48497982496359,12.413557749498139,20.39654947427975,2.8687430329076955,1067.1065478720373
32.975785127184565,22.0467372009279,23.707849280497115,3.0768518829587683,1357.5627161622292
25.908896583832636,26.49449061809625,19.50650855358636,2.7751440181919214,1287.7193703573985
40.4619363784273,13.185807197801704,23.405511506783412,2.3499974191765403,1273.6427245847315
24.96991309250149,12.77248739299614,20.45132090367084,3.1686546719667277,1006.6985315575497
23.92905693606134,22.266922385588504,6.171734035522901,3.441940649569409,1013.9003298719349
35.79055436750034,22.897860728653562,13.42465224326872,1.909600922557154,1119.9355257668542
33.95831346981468,12.385699864233658,18.991387109948693,4.41093237974627,1085.1409249007183
33.12059908526078,12.899065914520714,11.532136800112248,2.9014118677157383,983.9886050544669
33.1417275463214,13.591076955697464,24.199501109973433,3.0188496229448476,1199.2519254522672
29.938766135765427,8.277747444828615,30.71525582640588,3.7082144232565573,1122.2195329648025
25.51372814257084,10.406740267579009,28.53133296188122,3.2332161312635015,1084.6586025505085
30.37902279096863,9.97929616623966,18.505899903488544,3.953136633913245,923.6650614701645
26.61419144243944,11.161012174479357,30.435082957949664,3.287124165201824,1126.6506671989507
34.87559866708875,14.826575563066093,21.040672200414782,2.3875626253595623,1177.0436178752072
29.264713092489306,16.171073662682602,17.640398202173724,3.3615035252061016,1110.2799337726624
25.872514016037442,22.752502464070385,15.706181355213422,1.8562737926793382,1130.0894096194243
28.393070791735035,10.008229796306045,17.882712194583103,3.108559705776523,948.0814622945614
32.064657271378124,19.921611992382918,17.2827622702114,2.9667700093555394,1167.6765048266855
27.181377235980126,13.930055778872456,21.192913556628415,2.7918831427274604,1019.049028594828
25.888898022167844,14.752681451737836,21.124017867349053,2.871462488561069,1091.88817293363
31.218436057459563,18.37409746083302,20.021322141073902,1.118150954502361,1134.5793177619048
31.224832855543614,9.386389892188507,23.058567188224448,2.4512750922590385,1043.993829389984
27.46528412314435,16.912048730920255,28.33452392350439,3.0928449011411145,1204.3952796032688
27.644808471908387,15.83226104106528,26.646878948089267,3.1598563919974003,1079.9250355280883
31.16024968678818,17.462256320040744,9.605714220850675,1.9723248590740419,1018.9607179413629
22.75957829251338,16.44584321953909,2.1225520556863167,4.2657078408647005,792.380290576731
22.962681128117225,27.27650069955447,26.540239378674915,2.133825151785499,1294.136382303794
26.40777889373782,11.81130007874342,10.431849111092053,3.969457200526737,910.5391887901293
28.932764241440765,12.345015224990911,18.426642186751216,3.4271943618716847,995.8427785756882
31.554537827990025,11.884297367876178,11.809208817584484,2.353772690156197,953.979457808208
37.37678108474776,12.222614404198726,7.386136936939863,4.775310892609512,1003.1217772426703
34.2882981160101,11.813064363467412,23.790239097433517,1.80636316824352,1124.3672160982812
29.200307350182864,20.94508265553776,25.31408612211853,3.9191541736100017,1239.892858092635
29.904918960486555,22.102521239949276,15.964427194912965,4.000582318042978,1261.180691138155
24.987353176810956,12.14626853125262,1.86270395498563,2.329379790923355,703.6833820073399
29.90743432003805,10.838222134478857,16.17628886223262,4.392465300064329,971.7932208630666
28.55670680539931,17.35707778193202,22.742628037817827,2.749953485401047,1163.5160721890447
31.613592801690448,12.238884778595143,9.647619018581098,3.288693629279857,815.4769561010036
25.863845282238387,18.164659088777555,21.28351943845409,3.2603218387712207,1159.4267219119165
32.59673257120586,16.0146151042565,19.89283105578903,2.865691258529452,1079.1542559808042
37.66369456501289,7.42127942501384,24.05504049720762,3.810808273159782,1032.5788755111369
29.456199257715713,22.737526006650306,20.837062578899072,3.793488720552213,1199.5551536993212
32.00855861049471,23.97938836547761,13.18851741382911,1.2514680267618192,1190.6795741742867
33.45071995855556,11.936056547578069,28.37600051165144,4.304340242878153,1196.5353758135936
27.993897640570818,13.06149220032008,18.89029298881121,1.3375080119643257,1041.3348410990327
31.120462409052084,16.429326953624525,19.808868223430476,4.032546204341657,1131.1104994921034
30.062962003908975,16.672283949935125,13.467124286487628,4.126705136827583,974.5154195602869
30.48838049274416,18.29272136336415,16.897024241659427,1.9090335697848018,1025.638380915727
26.13495108072267,25.051022693831747,13.806381001811694,2.589185712045415,1208.9318320727464
30.122550871294713,14.115263862529753,18.78937758053604,1.8942953315140643,1014.4054007201715
32.48999145622725,11.008513777307732,31.981959360996406,2.7850789697112646,1180.9375847901808
37.25571803897521,8.103403859927365,10.396691999480506,2.6919657158142587,879.3355203475741
34.79635413042603,11.345349800290405,8.705070214862811,3.77966053226934,943.925543309468
40.76591228755778,14.834365135631014,30.298192292455262,4.310308746119608,1443.9985131537383
26.163262185559752,23.97278931758894,18.534734259936936,4.395683810789956,1323.4048979247752
34.36160318360339,12.411943504819142,15.316490829380584,2.437831973421698,976.7487912863222
30.91671002869176,16.118939758194493,27.279332811772534,2.7907781262554723,1158.1568471109579
40.94901466608836,14.91788551963624,15.760691221841952,1.3165618077790497,1063.0818215584454
25.958508573224243,20.94196636724042,32.78206799482855,2.1941299335038114,1348.9933563337377
25.801390789096118,27.63466212936811,24.745481099374885,3.9648516330974575,1352.6469696513398
27.00303677277989,12.345656135398396,16.584620142980082,4.615582823548232,956.3227315421627
19.380521378450965,12.55280278740889,35.101157492858526,1.765651128120078,1141.537559846662
27.371224891596196,20.22080438534536,15.759995538976632,2.4075357408471056,1084.3217243544093
26.20433669223151,18.40945744813156,25.19466760406515,2.973594243041073,1199.000207007735
30.75196893238104,24.23353662868017,22.095048062845443,3.280161158819607,1284.0962108696804
31.708779878885796,17.919640926629818,29.112189025791587,2.1903964800783537,1266.3553114003905
39.38085419607943,13.203539546064702,30.93057837708797,3.4240610444640898,1278.3481826589152
34.75211919093025,17.953274153461546,20.224029043460366,2.526160652929084,1230.241850774551
27.115481721687985,20.543517902914537,14.726074907576717,2.9855477291217207,1144.2451974986607
25.50792664325821,19.102410905986822,23.219805000573814,3.5462842480036993,1099.503693889132
32.45959585753253,17.53637015553649,15.255992411735257,3.0064222698109377,1047.8803729467916
23.398833964896788,20.333373447945768,34.09371073268636,2.5636141094734315,1254.1434301278778
39.157293829271765,20.846477952228362,20.955747317579164,2.8903901960741694,1277.0492162628525
35.897200603606436,21.910794955187637,17.442749140815238,2.911637040794665,1242.0063549863673
27.654121739476476,18.243549437948214,21.292762141054357,2.6299889701178722,1067.221046388154
21.434327354545612,14.164409598415729,10.570115973292125,2.7412039373328976,792.3263325768738
36.76936187082706,15.733568432166614,13.198701730425439,4.598647170504717,1068.107059819051
29.42730077373691,21.032544832541785,28.40289735561098,3.560919447941239,1358.1583146305536
36.18908155986731,10.91532164506382,15.40174004720023,2.7045196819708397,995.8261565188907
22.027861706028165,16.843366544364507,12.671623121226423,3.696954404510736,922.0420492344276
27.003124885231134,13.033305938363197,23.756569267691003,2.66618051024399,1075.87236554923
30.026218498590914,15.143724114674088,28.29992908264098,4.173124637586641,1225.4953384172416
30.23490296882371,21.392259313036494,25.032673174655468,3.3696421921980937,1293.1908238184392
27.74967264260378,15.955495340099517,26.972333800640715,2.8926978559957712,1271.645180432439
33.114249661737496,15.232182740780743,14.702434380013774,3.4477169258102776,1126.777227497022
24.661897853087027,8.200719295100404,10.047325332807095,1.4291238479315007,639.2378980165499
29.288102574893532,18.731267830136105,30.509335563688406,1.8732325310901947,1322.8300126336478
30.601478158559495,18.227420905705376,17.74124112810505,1.8060749936009446,1131.433894153886
32.57219417029374,25.8162736165273,18.24416888481467,3.142943094763707,1252.5850757109838
33.558074390444446,13.461108825234996,29.297358992943405,4.732514999485092,1327.1776374755914
24.376789540810655,16.095751638319694,23.89361006580462,5.231300146192632,1257.9226794679762
22.32942914632189,16.246918418553776,23.191214404571255,3.638051101440757,1049.1151686338653
36.38838410949255,22.887266398817374,35.15501641430759,3.500844474944457,1508.1046084835073
31.661570059897958,14.52352233806524,15.495372387339,1.198942265847261,1026.3680744879623
26.25756731721723,16.395107628851697,26.49488089656866,2.457326200265978,1175.1955907469978
37.75575987761262,18.039482548582697,20.39909187427959,2.212216248091761,1238.273929066703
30.578373171464293,15.93304561578179,21.8801459520428,2.379152401748884,1141.050866183412
35.89648592031913,12.767831927247359,30.69927898488772,2.8318561814152106,1279.3011640103177
30.337592407050543,15.970449964491538,23.554850294027368,2.527909422302873,1085.6213540242786
40.303739624409936,20.36815874929886,23.76807255334743,1.0207001896242123,1349.9085505500868
38.77670421221602,9.8674235029447,27.507551361168616,3.747910256117534,1268.6455899034981
28.75517925760463,15.66484837073438,17.445330893199802,1.9272569742601935,1008.8768954131353
34.85785475477178,11.499395925304134,14.125532328626957,3.2392468641111494,985.4530094158462
33.226879747925736,20.975233144624212,12.686335641852764,5.0740826697499735,1117.7355999642461
36.843157787661745,7.384065476081126,6.235503874367987,2.0806154084135766,797.7766455670588
25.17538269709948,12.205390763642058,34.39344990958226,0.46971247725367027,1154.4576372908873
33.4302572999922,16.886059375322603,12.277541439948218,2.713995778119889,1034.4972045992286
35.292122434247936,22.827620146171704,18.451224634899596,4.100959634998571,1365.4884538328897
21.20630256788443,14.67124869463506,18.062306900777557,4.958347454220593,1008.4691651608297
24.083707436671126,12.224002366534009,22.151846884663705,1.7704504055475832,998.9386334284545
19.803839111199498,24.40578534720295,25.710160487775077,3.4966992232365217,1225.72426513517
28.652965827777212,7.75993049791878,26.02331441851822,2.5346895432199466,1006.9410632668074
33.58771127897981,4.005970216899591,15.918457930017432,2.8940516456958645,832.8772225537856
37.51178526048014,17.20007225026666,18.83014800349512,5.644343347017035,1282.1672141751194
30.370473902098876,12.489728878236944,21.978059653418097,1.4970296716048468,1009.6047550934767
38.14307772785646,9.893835914346434,18.25916211671517,3.2537396614945733,1044.2334873774748
23.099492708925542,18.541782236496765,31.25141903213995,3.467693171765433,1315.9350110263283
21.483087803224226,16.219003568855996,23.43682466146776,4.085786324939347,1091.4986972176482
29.722261505516904,12.179606846316357,25.144144502348723,3.0979831534708953,1030.58755908392
31.920327244696537,8.598478006645529,24.64016888067189,3.3080505395041024,1147.4960771853484
29.836526259529535,19.362286641400722,28.214317002397273,2.6083514325782087,1356.1489973711393
19.662789499800617,18.251005889793305,21.26715091092595,3.269126941245107,1014.1159499398339
29.55439980243606,14.504120681103085,10.922176364309074,2.6568077245025896,963.6486791083958
23.477652497475734,24.233184980238327,22.79781566226849,3.621571889856051,1244.9058776816657
33.348362744150194,9.649576168369236,15.440501743457197,2.630389663956366,950.1687276459885
31.83299123048424,7.372374145376305,16.2996832277517,3.3771003939021864,926.2968618963844
25.300601068363225,11.540459650593778,24.104548131285654,2.970737186315022,1022.7851512384273
27.430665413316532,14.772069918222511,28.667981500035452,4.126050250772169,1184.3609992419927
24.70393239055524,16.21669724661346,20.14890103715243,2.948606276411514,1027.5379200716407
29.68660451363414,13.793819710718351,22.16183108819275,1.2269675317931186,996.1693358533311
34.77571160250619,16.760276982571483,31.915504612446668,4.261921500713992,1347.961759473089
25.07136976832228,8.74230287904778,21.685272256419978,2.094267699137381,910.3079555821319
32.52023257758922,22.218823020366298,38.211781799262766,2.3462336613511803,1477.3545235571576
27.348711908137794,14.589244108037157,23.95856751942081,2.404338705956508,1130.8832784977594
26.03563583868828,20.586479157940637,7.674660685909275,4.374438093170817,1092.8013023962556
29.464848200227213,16.71362673188852,25.273391347731728,0.8643257860213045,1104.9489983681556
24.82378838790313,17.283766095768918,22.668108694179445,6.137748533659994,1230.0375172436702
27.23175347326409,17.84883640116102,29.02826927857922,4.056056809066051,1311.3842617216778
24.010610537055758,17.238542800086574,24.712269458889708,3.2232389141291597,1175.8582842254732
39.82362566458195,18.21361379933772,19.030808112113583,2.9451059993837134,1240.1215976915935
30.176317759858645,21.645762650662157,11.42991234597444,3.285554074857657,1141.827858965162
26.50137246003707,15.982605848507351,18.536837198997823,3.5211224283793383,1092.4645200408982
31.06989955367111,18.54501878794256,14.0463568205349,3.645215585950057,1039.7680700657227
29.43835975154585,14.551321528563866,15.936335851366941,3.5556044660034485,1074.5810030568068
28.895152002333884,22.200586077247365,24.120048830944267,3.089580681255249,1331.8159363334446
33.07083350021713,11.61803848970365,31.689331530459846,2.802661579692674,1184.324619934993
33.787538550236526,24.00470216455408,22.762700708760867,2.8487267163464884,1346.7686326876346
27.34749426194736,14.799210246778284,11.62881856575371,2.805091719647319,962.210627271318
27.1209087967766,7.8461244894097595,23.112218677540984,4.133770096867065,988.3622698461198
28.62474151424178,15.640522074553946,28.376420406519557,3.5935567222808618,1286.1597667880164
18.490394176322077,11.594741712625595,15.731519669764324,0.05961136533571976,872.7535367532371
22.42404468900724,19.203217744943622,19.061879833289577,3.655900776529761,1064.6107209524323
36.83437133722262,11.736880103488046,20.10281736310438,3.1947361947187747,1031.4134315724275
38.22483856750642,12.769082833926102,14.50571180842432,2.981291243554103,1059.845386566818
28.75481980221811,5.552296345272346,24.537963036907012,2.611481546911114,981.0861421448737
32.88278481527883,12.738468403754617,19.15336295974553,4.124112719986013,1083.0777235314054
31.556250772717682,2.880603366855217,22.936727107349196,3.947526462122858,1008.3143087042565
45.39440404227619,7.0804858825713834,13.7875547553853,2.227122332176391,902.2504593840983
35.59787455717289,18.802073280721487,16.937791897736126,3.407052287124535,1222.9445894175171
29.360412042596167,18.92900079325416,25.0566695047944,2.028343265458714,1178.5914357887777
25.22229779699787,17.127287808924823,17.39016793535763,1.6203818352110695,1090.2016035455365
21.96776839871214,10.165119284353935,32.088746958633834,2.373282775410035,1175.1355249744147
31.017318179336115,14.7614432192901,17.202546700697784,3.8623934723827587,1040.9792214719453
26.218246273578483,14.981987304547157,21.572793080263203,3.953125045376087,1076.5299995965297
22.88873145201163,9.208176554037287,26.52813582311163,3.513085420097293,1059.3448398994453
26.767135578787368,22.51699150883575,10.071439869468778,3.725095786847997,1061.4791251225845
24.592259981928024,19.386811452878355,7.67433831613457,3.5161782871149585,951.9886913357028
38.43570817536282,13.89517913085168,9.320405798009336,2.3585184047770476,974.0917245112338
34.408198784747256,15.134429194972654,28.838088723990275,3.4319225446739408,1186.3159211371153
29.960136793416915,16.04191403973776,16.136992978752872,3.8004095252276824,1075.814941862336
37.39972069445013,4.791325657878547,37.90739499967776,3.754291329813574,1216.5769962884374
30.38684153823809,13.764113087397016,16.05026680939828,4.1889133714746425,1020.9159392955461
25.69357899335868,11.590078760011007,21.291859122379257,3.708303847201064,1091.5459675589684
37.61562038634828,9.991899950525422,30.79476966797513,3.351448207541583,1175.633849405903
32.694550218423295,13.594498535570226,34.04265021711386,4.070150238316428,1372.239992639237
24.81376922836772,23.988432634247612,34.43052503645478,2.9734787407509398,1419.620436221389
29.04830660958196,18.20421430633505,28.458563614152,2.118125348772282,1231.001558473177
25.621908733076214,12.144105051086015,27.168437680680235,2.836933036056236,1131.2543394469585
23.086001345178317,17.862913906780793,24.147688644408284,2.255097355193551,1134.9891066377743
